experiment_id,date,git_commit,git_dirty,source_label,reproduction_level,study,dataset,dataset_version,dataset_subset,question_set,num_documents,num_queries,num_evidence_queries,num_no_evidence_queries,retrieval_method,retrieval_unit,components,top_k,seed,hardware,perfect_recall,ipr,no_evidence_ipr,no_evidence_correct,latency_mean_s,latency_p50_s,latency_p95_s,token_usage,notes
EXP-0001-bm25-pagetext-pilot-v1,2026-09-27T07:50:17+00:00,3453137e24818350aa687aaa9a9f5804031f5e52,True,REPRO,substituted,ladrag,MMLongBench-Doc,github@d73f0dc0be7e0a2ff6a403d5fe65fcd96461f384,pilot-v1,clean,10,80,66,14,bm25-pagetext,page,bm25s=0.3.11; text=pymupdf-page-text; k1=1.5; b=0.75; method=lucene; stopwords=en,1,,"Windows 10; Intel64 Family 6 Model 165 Stepping 5, GenuineIntel; see docs/ENVIRONMENT.md",0.16666666666666666,0.6212121212121212,1.0,0.0,0.00011066623264923691,0.00011024996638298035,0.00015835004160180688,0,"Baseline over PyMuPDF page text (D-014), not the paper's element-summary BM25; not paper-comparable. Pilot subset only (D-013)."
EXP-0001-bm25-pagetext-pilot-v1,2026-09-27T07:50:17+00:00,3453137e24818350aa687aaa9a9f5804031f5e52,True,REPRO,substituted,ladrag,MMLongBench-Doc,github@d73f0dc0be7e0a2ff6a403d5fe65fcd96461f384,pilot-v1,clean,10,80,66,14,bm25-pagetext,page,bm25s=0.3.11; text=pymupdf-page-text; k1=1.5; b=0.75; method=lucene; stopwords=en,2,,"Windows 10; Intel64 Family 6 Model 165 Stepping 5, GenuineIntel; see docs/ENVIRONMENT.md",0.3181818181818182,0.7196969696969697,1.0,0.0,0.00011066623264923691,0.00011024996638298035,0.00015835004160180688,0,"Baseline over PyMuPDF page text (D-014), not the paper's element-summary BM25; not paper-comparable. Pilot subset only (D-013)."
EXP-0001-bm25-pagetext-pilot-v1,2026-09-27T07:50:17+00:00,3453137e24818350aa687aaa9a9f5804031f5e52,True,REPRO,substituted,ladrag,MMLongBench-Doc,github@d73f0dc0be7e0a2ff6a403d5fe65fcd96461f384,pilot-v1,clean,10,80,66,14,bm25-pagetext,page,bm25s=0.3.11; text=pymupdf-page-text; k1=1.5; b=0.75; method=lucene; stopwords=en,3,,"Windows 10; Intel64 Family 6 Model 165 Stepping 5, GenuineIntel; see docs/ENVIRONMENT.md",0.3484848484848485,0.7828282828282824,1.0,0.0,0.00011066623264923691,0.00011024996638298035,0.00015835004160180688,0,"Baseline over PyMuPDF page text (D-014), not the paper's element-summary BM25; not paper-comparable. Pilot subset only (D-013)."
EXP-0001-bm25-pagetext-pilot-v1,2026-09-27T07:50:17+00:00,3453137e24818350aa687aaa9a9f5804031f5e52,True,REPRO,substituted,ladrag,MMLongBench-Doc,github@d73f0dc0be7e0a2ff6a403d5fe65fcd96461f384,pilot-v1,clean,10,80,66,14,bm25-pagetext,page,bm25s=0.3.11; text=pymupdf-page-text; k1=1.5; b=0.75; method=lucene; stopwords=en,4,,"Windows 10; Intel64 Family 6 Model 165 Stepping 5, GenuineIntel; see docs/ENVIRONMENT.md",0.3787878787878788,0.8106060606060606,1.0,0.0,0.00011066623264923691,0.00011024996638298035,0.00015835004160180688,0,"Baseline over PyMuPDF page text (D-014), not the paper's element-summary BM25; not paper-comparable. Pilot subset only (D-013)."
EXP-0001-bm25-pagetext-pilot-v1,2026-09-27T07:50:17+00:00,3453137e24818350aa687aaa9a9f5804031f5e52,True,REPRO,substituted,ladrag,MMLongBench-Doc,github@d73f0dc0be7e0a2ff6a403d5fe65fcd96461f384,pilot-v1,clean,10,80,66,14,bm25-pagetext,page,bm25s=0.3.11; text=pymupdf-page-text; k1=1.5; b=0.75; method=lucene; stopwords=en,5,,"Windows 10; Intel64 Family 6 Model 165 Stepping 5, GenuineIntel; see docs/ENVIRONMENT.md",0.4393939393939394,0.833333333333333,1.0,0.0,0.00011066623264923691,0.00011024996638298035,0.00015835004160180688,0,"Baseline over PyMuPDF page text (D-014), not the paper's element-summary BM25; not paper-comparable. Pilot subset only (D-013)."
EXP-0001-bm25-pagetext-pilot-v1,2026-09-27T07:50:17+00:00,3453137e24818350aa687aaa9a9f5804031f5e52,True,REPRO,substituted,ladrag,MMLongBench-Doc,github@d73f0dc0be7e0a2ff6a403d5fe65fcd96461f384,pilot-v1,clean,10,80,66,14,bm25-pagetext,page,bm25s=0.3.11; text=pymupdf-page-text; k1=1.5; b=0.75; method=lucene; stopwords=en,6,,"Windows 10; Intel64 Family 6 Model 165 Stepping 5, GenuineIntel; see docs/ENVIRONMENT.md",0.4393939393939394,0.8560606060606064,1.0,0.0,0.00011066623264923691,0.00011024996638298035,0.00015835004160180688,0,"Baseline over PyMuPDF page text (D-014), not the paper's element-summary BM25; not paper-comparable. Pilot subset only (D-013)."
EXP-0001-bm25-pagetext-pilot-v1,2026-09-27T07:50:17+00:00,3453137e24818350aa687aaa9a9f5804031f5e52,True,REPRO,substituted,ladrag,MMLongBench-Doc,github@d73f0dc0be7e0a2ff6a403d5fe65fcd96461f384,pilot-v1,clean,10,80,66,14,bm25-pagetext,page,bm25s=0.3.11; text=pymupdf-page-text; k1=1.5; b=0.75; method=lucene; stopwords=en,7,,"Windows 10; Intel64 Family 6 Model 165 Stepping 5, GenuineIntel; see docs/ENVIRONMENT.md",0.45454545454545453,0.8722943722943718,1.0,0.0,0.00011066623264923691,0.00011024996638298035,0.00015835004160180688,0,"Baseline over PyMuPDF page text (D-014), not the paper's element-summary BM25; not paper-comparable. Pilot subset only (D-013)."
EXP-0001-bm25-pagetext-pilot-v1,2026-09-27T07:50:17+00:00,3453137e24818350aa687aaa9a9f5804031f5e52,True,REPRO,substituted,ladrag,MMLongBench-Doc,github@d73f0dc0be7e0a2ff6a403d5fe65fcd96461f384,pilot-v1,clean,10,80,66,14,bm25-pagetext,page,bm25s=0.3.11; text=pymupdf-page-text; k1=1.5; b=0.75; method=lucene; stopwords=en,8,,"Windows 10; Intel64 Family 6 Model 165 Stepping 5, GenuineIntel; see docs/ENVIRONMENT.md",0.48484848484848486,0.884469696969697,1.0,0.0,0.00011066623264923691,0.00011024996638298035,0.00015835004160180688,0,"Baseline over PyMuPDF page text (D-014), not the paper's element-summary BM25; not paper-comparable. Pilot subset only (D-013)."
EXP-0001-bm25-pagetext-pilot-v1,2026-09-27T07:50:17+00:00,3453137e24818350aa687aaa9a9f5804031f5e52,True,REPRO,substituted,ladrag,MMLongBench-Doc,github@d73f0dc0be7e0a2ff6a403d5fe65fcd96461f384,pilot-v1,clean,10,80,66,14,bm25-pagetext,page,bm25s=0.3.11; text=pymupdf-page-text; k1=1.5; b=0.75; method=lucene; stopwords=en,9,,"Windows 10; Intel64 Family 6 Model 165 Stepping 5, GenuineIntel; see docs/ENVIRONMENT.md",0.5303030303030303,0.8922558922558916,1.0,0.0,0.00011066623264923691,0.00011024996638298035,0.00015835004160180688,0,"Baseline over PyMuPDF page text (D-014), not the paper's element-summary BM25; not paper-comparable. Pilot subset only (D-013)."
EXP-0001-bm25-pagetext-pilot-v1,2026-09-27T07:50:17+00:00,3453137e24818350aa687aaa9a9f5804031f5e52,True,REPRO,substituted,ladrag,MMLongBench-Doc,github@d73f0dc0be7e0a2ff6a403d5fe65fcd96461f384,pilot-v1,clean,10,80,66,14,bm25-pagetext,page,bm25s=0.3.11; text=pymupdf-page-text; k1=1.5; b=0.75; method=lucene; stopwords=en,10,,"Windows 10; Intel64 Family 6 Model 165 Stepping 5, GenuineIntel; see docs/ENVIRONMENT.md",0.5606060606060606,0.8984848484848478,1.0,0.0,0.00011066623264923691,0.00011024996638298035,0.00015835004160180688,0,"Baseline over PyMuPDF page text (D-014), not the paper's element-summary BM25; not paper-comparable. Pilot subset only (D-013)."
EXP-0001-bm25-pagetext-pilot-v1,2026-09-27T07:50:17+00:00,3453137e24818350aa687aaa9a9f5804031f5e52,True,REPRO,substituted,ladrag,MMLongBench-Doc,github@d73f0dc0be7e0a2ff6a403d5fe65fcd96461f384,pilot-v1,clean,10,80,66,14,bm25-pagetext,page,bm25s=0.3.11; text=pymupdf-page-text; k1=1.5; b=0.75; method=lucene; stopwords=en,11,,"Windows 10; Intel64 Family 6 Model 165 Stepping 5, GenuineIntel; see docs/ENVIRONMENT.md",0.5909090909090909,0.9008264462809913,1.0,0.0,0.00011066623264923691,0.00011024996638298035,0.00015835004160180688,0,"Baseline over PyMuPDF page text (D-014), not the paper's element-summary BM25; not paper-comparable. Pilot subset only (D-013)."
EXP-0001-bm25-pagetext-pilot-v1,2026-09-27T07:50:17+00:00,3453137e24818350aa687aaa9a9f5804031f5e52,True,REPRO,substituted,ladrag,MMLongBench-Doc,github@d73f0dc0be7e0a2ff6a403d5fe65fcd96461f384,pilot-v1,clean,10,80,66,14,bm25-pagetext,page,bm25s=0.3.11; text=pymupdf-page-text; k1=1.5; b=0.75; method=lucene; stopwords=en,12,,"Windows 10; Intel64 Family 6 Model 165 Stepping 5, GenuineIntel; see docs/ENVIRONMENT.md",0.6212121212121212,0.9053030303030299,1.0,0.0,0.00011066623264923691,0.00011024996638298035,0.00015835004160180688,0,"Baseline over PyMuPDF page text (D-014), not the paper's element-summary BM25; not paper-comparable. Pilot subset only (D-013)."
EXP-0001-bm25-pagetext-pilot-v1,2026-09-27T07:50:17+00:00,3453137e24818350aa687aaa9a9f5804031f5e52,True,REPRO,substituted,ladrag,MMLongBench-Doc,github@d73f0dc0be7e0a2ff6a403d5fe65fcd96461f384,pilot-v1,clean,10,80,66,14,bm25-pagetext,page,bm25s=0.3.11; text=pymupdf-page-text; k1=1.5; b=0.75; method=lucene; stopwords=en,13,,"Windows 10; Intel64 Family 6 Model 165 Stepping 5, GenuineIntel; see docs/ENVIRONMENT.md",0.6666666666666666,0.9067599067599063,1.0,0.0,0.00011066623264923691,0.00011024996638298035,0.00015835004160180688,0,"Baseline over PyMuPDF page text (D-014), not the paper's element-summary BM25; not paper-comparable. Pilot subset only (D-013)."
EXP-0001-bm25-pagetext-pilot-v1,2026-09-27T07:50:17+00:00,3453137e24818350aa687aaa9a9f5804031f5e52,True,REPRO,substituted,ladrag,MMLongBench-Doc,github@d73f0dc0be7e0a2ff6a403d5fe65fcd96461f384,pilot-v1,clean,10,80,66,14,bm25-pagetext,page,bm25s=0.3.11; text=pymupdf-page-text; k1=1.5; b=0.75; method=lucene; stopwords=en,14,,"Windows 10; Intel64 Family 6 Model 165 Stepping 5, GenuineIntel; see docs/ENVIRONMENT.md",0.7272727272727273,0.9090909090909092,1.0,0.0,0.00011066623264923691,0.00011024996638298035,0.00015835004160180688,0,"Baseline over PyMuPDF page text (D-014), not the paper's element-summary BM25; not paper-comparable. Pilot subset only (D-013)."
EXP-0001-bm25-pagetext-pilot-v1,2026-09-27T07:50:17+00:00,3453137e24818350aa687aaa9a9f5804031f5e52,True,REPRO,substituted,ladrag,MMLongBench-Doc,github@d73f0dc0be7e0a2ff6a403d5fe65fcd96461f384,pilot-v1,clean,10,80,66,14,bm25-pagetext,page,bm25s=0.3.11; text=pymupdf-page-text; k1=1.5; b=0.75; method=lucene; stopwords=en,15,,"Windows 10; Intel64 Family 6 Model 165 Stepping 5, GenuineIntel; see docs/ENVIRONMENT.md",0.7727272727272727,0.9111111111111104,1.0,0.0,0.00011066623264923691,0.00011024996638298035,0.00015835004160180688,0,"Baseline over PyMuPDF page text (D-014), not the paper's element-summary BM25; not paper-comparable. Pilot subset only (D-013)."
EXP-0001-bm25-pagetext-pilot-v1,2026-09-27T07:50:17+00:00,3453137e24818350aa687aaa9a9f5804031f5e52,True,REPRO,substituted,ladrag,MMLongBench-Doc,github@d73f0dc0be7e0a2ff6a403d5fe65fcd96461f384,pilot-v1,clean,10,80,66,14,bm25-pagetext,page,bm25s=0.3.11; text=pymupdf-page-text; k1=1.5; b=0.75; method=lucene; stopwords=en,16,,"Windows 10; Intel64 Family 6 Model 165 Stepping 5, GenuineIntel; see docs/ENVIRONMENT.md",0.803030303030303,0.914330808080808,1.0,0.0,0.00011066623264923691,0.00011024996638298035,0.00015835004160180688,0,"Baseline over PyMuPDF page text (D-014), not the paper's element-summary BM25; not paper-comparable. Pilot subset only (D-013)."
EXP-0001-bm25-pagetext-pilot-v1,2026-09-27T07:50:17+00:00,3453137e24818350aa687aaa9a9f5804031f5e52,True,REPRO,substituted,ladrag,MMLongBench-Doc,github@d73f0dc0be7e0a2ff6a403d5fe65fcd96461f384,pilot-v1,clean,10,80,66,14,bm25-pagetext,page,bm25s=0.3.11; text=pymupdf-page-text; k1=1.5; b=0.75; method=lucene; stopwords=en,17,,"Windows 10; Intel64 Family 6 Model 165 Stepping 5, GenuineIntel; see docs/ENVIRONMENT.md",0.8484848484848485,0.915333481877599,1.0,0.0,0.00011066623264923691,0.00011024996638298035,0.00015835004160180688,0,"Baseline over PyMuPDF page text (D-014), not the paper's element-summary BM25; not paper-comparable. Pilot subset only (D-013)."
EXP-0001-bm25-pagetext-pilot-v1,2026-09-27T07:50:17+00:00,3453137e24818350aa687aaa9a9f5804031f5e52,True,REPRO,substituted,ladrag,MMLongBench-Doc,github@d73f0dc0be7e0a2ff6a403d5fe65fcd96461f384,pilot-v1,clean,10,80,66,14,bm25-pagetext,page,bm25s=0.3.11; text=pymupdf-page-text; k1=1.5; b=0.75; method=lucene; stopwords=en,18,,"Windows 10; Intel64 Family 6 Model 165 Stepping 5, GenuineIntel; see docs/ENVIRONMENT.md",0.8484848484848485,0.9179082491582484,1.0,0.0,0.00011066623264923691,0.00011024996638298035,0.00015835004160180688,0,"Baseline over PyMuPDF page text (D-014), not the paper's element-summary BM25; not paper-comparable. Pilot subset only (D-013)."
EXP-0001-bm25-pagetext-pilot-v1,2026-09-27T07:50:17+00:00,3453137e24818350aa687aaa9a9f5804031f5e52,True,REPRO,substituted,ladrag,MMLongBench-Doc,github@d73f0dc0be7e0a2ff6a403d5fe65fcd96461f384,pilot-v1,clean,10,80,66,14,bm25-pagetext,page,bm25s=0.3.11; text=pymupdf-page-text; k1=1.5; b=0.75; method=lucene; stopwords=en,19,,"Windows 10; Intel64 Family 6 Model 165 Stepping 5, GenuineIntel; see docs/ENVIRONMENT.md",0.8484848484848485,0.9202119883040929,1.0,0.0,0.00011066623264923691,0.00011024996638298035,0.00015835004160180688,0,"Baseline over PyMuPDF page text (D-014), not the paper's element-summary BM25; not paper-comparable. Pilot subset only (D-013)."
EXP-0001-bm25-pagetext-pilot-v1,2026-09-27T07:50:17+00:00,3453137e24818350aa687aaa9a9f5804031f5e52,True,REPRO,substituted,ladrag,MMLongBench-Doc,github@d73f0dc0be7e0a2ff6a403d5fe65fcd96461f384,pilot-v1,clean,10,80,66,14,bm25-pagetext,page,bm25s=0.3.11; text=pymupdf-page-text; k1=1.5; b=0.75; method=lucene; stopwords=en,20,,"Windows 10; Intel64 Family 6 Model 165 Stepping 5, GenuineIntel; see docs/ENVIRONMENT.md",0.8484848484848485,0.9222853535353535,1.0,0.0,0.00011066623264923691,0.00011024996638298035,0.00015835004160180688,0,"Baseline over PyMuPDF page text (D-014), not the paper's element-summary BM25; not paper-comparable. Pilot subset only (D-013)."
EXP-0001-bm25-pagetext-pilot-v1,2026-09-27T07:50:17+00:00,3453137e24818350aa687aaa9a9f5804031f5e52,True,REPRO,substituted,ladrag,MMLongBench-Doc,github@d73f0dc0be7e0a2ff6a403d5fe65fcd96461f384,pilot-v1,clean,10,80,66,14,bm25-pagetext,page,bm25s=0.3.11; text=pymupdf-page-text; k1=1.5; b=0.75; method=lucene; stopwords=en,21,,"Windows 10; Intel64 Family 6 Model 165 Stepping 5, GenuineIntel; see docs/ENVIRONMENT.md",0.8484848484848485,0.9241612554112548,1.0,0.0,0.00011066623264923691,0.00011024996638298035,0.00015835004160180688,0,"Baseline over PyMuPDF page text (D-014), not the paper's element-summary BM25; not paper-comparable. Pilot subset only (D-013)."
EXP-0001-bm25-pagetext-pilot-v1,2026-09-27T07:50:17+00:00,3453137e24818350aa687aaa9a9f5804031f5e52,True,REPRO,substituted,ladrag,MMLongBench-Doc,github@d73f0dc0be7e0a2ff6a403d5fe65fcd96461f384,pilot-v1,clean,10,80,66,14,bm25-pagetext,page,bm25s=0.3.11; text=pymupdf-page-text; k1=1.5; b=0.75; method=lucene; stopwords=en,22,,"Windows 10; Intel64 Family 6 Model 165 Stepping 5, GenuineIntel; see docs/ENVIRONMENT.md",0.8484848484848485,0.9255058703922335,1.0,0.0,0.00011066623264923691,0.00011024996638298035,0.00015835004160180688,0,"Baseline over PyMuPDF page text (D-014), not the paper's element-summary BM25; not paper-comparable. Pilot subset only (D-013)."
EXP-0001-bm25-pagetext-pilot-v1,2026-09-27T07:50:17+00:00,3453137e24818350aa687aaa9a9f5804031f5e52,True,REPRO,substituted,ladrag,MMLongBench-Doc,github@d73f0dc0be7e0a2ff6a403d5fe65fcd96461f384,pilot-v1,clean,10,80,66,14,bm25-pagetext,page,bm25s=0.3.11; text=pymupdf-page-text; k1=1.5; b=0.75; method=lucene; stopwords=en,23,,"Windows 10; Intel64 Family 6 Model 165 Stepping 5, GenuineIntel; see docs/ENVIRONMENT.md",0.8636363636363636,0.9260748008030617,1.0,0.0,0.00011066623264923691,0.00011024996638298035,0.00015835004160180688,0,"Baseline over PyMuPDF page text (D-014), not the paper's element-summary BM25; not paper-comparable. Pilot subset only (D-013)."
EXP-0001-bm25-pagetext-pilot-v1,2026-09-27T07:50:17+00:00,3453137e24818350aa687aaa9a9f5804031f5e52,True,REPRO,substituted,ladrag,MMLongBench-Doc,github@d73f0dc0be7e0a2ff6a403d5fe65fcd96461f384,pilot-v1,clean,10,80,66,14,bm25-pagetext,page,bm25s=0.3.11; text=pymupdf-page-text; k1=1.5; b=0.75; method=lucene; stopwords=en,24,,"Windows 10; Intel64 Family 6 Model 165 Stepping 5, GenuineIntel; see docs/ENVIRONMENT.md",0.8636363636363636,0.9272276334776334,1.0,0.0,0.00011066623264923691,0.00011024996638298035,0.00015835004160180688,0,"Baseline over PyMuPDF page text (D-014), not the paper's element-summary BM25; not paper-comparable. Pilot subset only (D-013)."
EXP-0001-bm25-pagetext-pilot-v1,2026-09-27T07:50:17+00:00,3453137e24818350aa687aaa9a9f5804031f5e52,True,REPRO,substituted,ladrag,MMLongBench-Doc,github@d73f0dc0be7e0a2ff6a403d5fe65fcd96461f384,pilot-v1,clean,10,80,66,14,bm25-pagetext,page,bm25s=0.3.11; text=pymupdf-page-text; k1=1.5; b=0.75; method=lucene; stopwords=en,25,,"Windows 10; Intel64 Family 6 Model 165 Stepping 5, GenuineIntel; see docs/ENVIRONMENT.md",0.8787878787878788,0.9276821789321792,1.0,0.0,0.00011066623264923691,0.00011024996638298035,0.00015835004160180688,0,"Baseline over PyMuPDF page text (D-014), not the paper's element-summary BM25; not paper-comparable. Pilot subset only (D-013)."
EXP-0001-bm25-pagetext-pilot-v1,2026-09-27T07:50:17+00:00,3453137e24818350aa687aaa9a9f5804031f5e52,True,REPRO,substituted,ladrag,MMLongBench-Doc,github@d73f0dc0be7e0a2ff6a403d5fe65fcd96461f384,pilot-v1,clean,10,80,66,14,bm25-pagetext,page,bm25s=0.3.11; text=pymupdf-page-text; k1=1.5; b=0.75; method=lucene; stopwords=en,26,,"Windows 10; Intel64 Family 6 Model 165 Stepping 5, GenuineIntel; see docs/ENVIRONMENT.md",0.8787878787878788,0.9281017593517586,1.0,0.0,0.00011066623264923691,0.00011024996638298035,0.00015835004160180688,0,"Baseline over PyMuPDF page text (D-014), not the paper's element-summary BM25; not paper-comparable. Pilot subset only (D-013)."
EXP-0001-bm25-pagetext-pilot-v1,2026-09-27T07:50:17+00:00,3453137e24818350aa687aaa9a9f5804031f5e52,True,REPRO,substituted,ladrag,MMLongBench-Doc,github@d73f0dc0be7e0a2ff6a403d5fe65fcd96461f384,pilot-v1,clean,10,80,66,14,bm25-pagetext,page,bm25s=0.3.11; text=pymupdf-page-text; k1=1.5; b=0.75; method=lucene; stopwords=en,27,,"Windows 10; Intel64 Family 6 Model 165 Stepping 5, GenuineIntel; see docs/ENVIRONMENT.md",0.8939393939393939,0.9273679252845916,1.0,0.0,0.00011066623264923691,0.00011024996638298035,0.00015835004160180688,0,"Baseline over PyMuPDF page text (D-014), not the paper's element-summary BM25; not paper-comparable. Pilot subset only (D-013)."
EXP-0001-bm25-pagetext-pilot-v1,2026-09-27T07:50:17+00:00,3453137e24818350aa687aaa9a9f5804031f5e52,True,REPRO,substituted,ladrag,MMLongBench-Doc,github@d73f0dc0be7e0a2ff6a403d5fe65fcd96461f384,pilot-v1,clean,10,80,66,14,bm25-pagetext,page,bm25s=0.3.11; text=pymupdf-page-text; k1=1.5; b=0.75; method=lucene; stopwords=en,28,,"Windows 10; Intel64 Family 6 Model 165 Stepping 5, GenuineIntel; see docs/ENVIRONMENT.md",0.9393939393939394,0.9259850489017156,1.0,0.0,0.00011066623264923691,0.00011024996638298035,0.00015835004160180688,0,"Baseline over PyMuPDF page text (D-014), not the paper's element-summary BM25; not paper-comparable. Pilot subset only (D-013)."
EXP-0001-bm25-pagetext-pilot-v1,2026-09-27T07:50:17+00:00,3453137e24818350aa687aaa9a9f5804031f5e52,True,REPRO,substituted,ladrag,MMLongBench-Doc,github@d73f0dc0be7e0a2ff6a403d5fe65fcd96461f384,pilot-v1,clean,10,80,66,14,bm25-pagetext,page,bm25s=0.3.11; text=pymupdf-page-text; k1=1.5; b=0.75; method=lucene; stopwords=en,29,,"Windows 10; Intel64 Family 6 Model 165 Stepping 5, GenuineIntel; see docs/ENVIRONMENT.md",0.9545454545454546,0.9254999018648441,1.0,0.0,0.00011066623264923691,0.00011024996638298035,0.00015835004160180688,0,"Baseline over PyMuPDF page text (D-014), not the paper's element-summary BM25; not paper-comparable. Pilot subset only (D-013)."
EXP-0001-bm25-pagetext-pilot-v1,2026-09-27T07:50:17+00:00,3453137e24818350aa687aaa9a9f5804031f5e52,True,REPRO,substituted,ladrag,MMLongBench-Doc,github@d73f0dc0be7e0a2ff6a403d5fe65fcd96461f384,pilot-v1,clean,10,80,66,14,bm25-pagetext,page,bm25s=0.3.11; text=pymupdf-page-text; k1=1.5; b=0.75; method=lucene; stopwords=en,30,,"Windows 10; Intel64 Family 6 Model 165 Stepping 5, GenuineIntel; see docs/ENVIRONMENT.md",0.9696969696969697,0.9255521484688152,1.0,0.0,0.00011066623264923691,0.00011024996638298035,0.00015835004160180688,0,"Baseline over PyMuPDF page text (D-014), not the paper's element-summary BM25; not paper-comparable. Pilot subset only (D-013)."
EXP-0001-bm25-pagetext-pilot-v1,2026-09-27T07:50:17+00:00,3453137e24818350aa687aaa9a9f5804031f5e52,True,REPRO,substituted,ladrag,MMLongBench-Doc,github@d73f0dc0be7e0a2ff6a403d5fe65fcd96461f384,pilot-v1,clean,10,80,66,14,bm25-pagetext,page,bm25s=0.3.11; text=pymupdf-page-text; k1=1.5; b=0.75; method=lucene; stopwords=en,31,,"Windows 10; Intel64 Family 6 Model 165 Stepping 5, GenuineIntel; see docs/ENVIRONMENT.md",0.9848484848484849,0.9254381048063844,1.0,0.0,0.00011066623264923691,0.00011024996638298035,0.00015835004160180688,0,"Baseline over PyMuPDF page text (D-014), not the paper's element-summary BM25; not paper-comparable. Pilot subset only (D-013)."
EXP-0001-bm25-pagetext-pilot-v1,2026-09-27T07:50:17+00:00,3453137e24818350aa687aaa9a9f5804031f5e52,True,REPRO,substituted,ladrag,MMLongBench-Doc,github@d73f0dc0be7e0a2ff6a403d5fe65fcd96461f384,pilot-v1,clean,10,80,66,14,bm25-pagetext,page,bm25s=0.3.11; text=pymupdf-page-text; k1=1.5; b=0.75; method=lucene; stopwords=en,32,,"Windows 10; Intel64 Family 6 Model 165 Stepping 5, GenuineIntel; see docs/ENVIRONMENT.md",0.9848484848484849,0.9258046737213403,1.0,0.0,0.00011066623264923691,0.00011024996638298035,0.00015835004160180688,0,"Baseline over PyMuPDF page text (D-014), not the paper's element-summary BM25; not paper-comparable. Pilot subset only (D-013)."
EXP-0001-bm25-pagetext-pilot-v1,2026-09-27T07:50:17+00:00,3453137e24818350aa687aaa9a9f5804031f5e52,True,REPRO,substituted,ladrag,MMLongBench-Doc,github@d73f0dc0be7e0a2ff6a403d5fe65fcd96461f384,pilot-v1,clean,10,80,66,14,bm25-pagetext,page,bm25s=0.3.11; text=pymupdf-page-text; k1=1.5; b=0.75; method=lucene; stopwords=en,33,,"Windows 10; Intel64 Family 6 Model 165 Stepping 5, GenuineIntel; see docs/ENVIRONMENT.md",1.0,0.925689889515647,1.0,0.0,0.00011066623264923691,0.00011024996638298035,0.00015835004160180688,0,"Baseline over PyMuPDF page text (D-014), not the paper's element-summary BM25; not paper-comparable. Pilot subset only (D-013)."
EXP-0001-bm25-pagetext-pilot-v1,2026-09-27T07:50:17+00:00,3453137e24818350aa687aaa9a9f5804031f5e52,True,REPRO,substituted,ladrag,MMLongBench-Doc,github@d73f0dc0be7e0a2ff6a403d5fe65fcd96461f384,pilot-v1,clean,10,80,66,14,bm25-pagetext,page,bm25s=0.3.11; text=pymupdf-page-text; k1=1.5; b=0.75; method=lucene; stopwords=en,34,,"Windows 10; Intel64 Family 6 Model 165 Stepping 5, GenuineIntel; see docs/ENVIRONMENT.md",1.0,0.9260274901206271,1.0,0.0,0.00011066623264923691,0.00011024996638298035,0.00015835004160180688,0,"Baseline over PyMuPDF page text (D-014), not the paper's element-summary BM25; not paper-comparable. Pilot subset only (D-013)."
EXP-0001-bm25-pagetext-pilot-v1,2026-09-27T07:50:17+00:00,3453137e24818350aa687aaa9a9f5804031f5e52,True,REPRO,substituted,ladrag,MMLongBench-Doc,github@d73f0dc0be7e0a2ff6a403d5fe65fcd96461f384,pilot-v1,clean,10,80,66,14,bm25-pagetext,page,bm25s=0.3.11; text=pymupdf-page-text; k1=1.5; b=0.75; method=lucene; stopwords=en,35,,"Windows 10; Intel64 Family 6 Model 165 Stepping 5, GenuineIntel; see docs/ENVIRONMENT.md",1.0,0.9261802785087097,1.0,0.0,0.00011066623264923691,0.00011024996638298035,0.00015835004160180688,0,"Baseline over PyMuPDF page text (D-014), not the paper's element-summary BM25; not paper-comparable. Pilot subset only (D-013)."
EXP-0001-bm25-pagetext-pilot-v1,2026-09-27T07:50:17+00:00,3453137e24818350aa687aaa9a9f5804031f5e52,True,REPRO,substituted,ladrag,MMLongBench-Doc,github@d73f0dc0be7e0a2ff6a403d5fe65fcd96461f384,pilot-v1,clean,10,80,66,14,bm25-pagetext,page,bm25s=0.3.11; text=pymupdf-page-text; k1=1.5; b=0.75; method=lucene; stopwords=en,36,,"Windows 10; Intel64 Family 6 Model 165 Stepping 5, GenuineIntel; see docs/ENVIRONMENT.md",1.0,0.9263245786530099,1.0,0.0,0.00011066623264923691,0.00011024996638298035,0.00015835004160180688,0,"Baseline over PyMuPDF page text (D-014), not the paper's element-summary BM25; not paper-comparable. Pilot subset only (D-013)."
EXP-0001-bm25-pagetext-pilot-v1,2026-09-27T07:50:17+00:00,3453137e24818350aa687aaa9a9f5804031f5e52,True,REPRO,substituted,ladrag,MMLongBench-Doc,github@d73f0dc0be7e0a2ff6a403d5fe65fcd96461f384,pilot-v1,clean,10,80,66,14,bm25-pagetext,page,bm25s=0.3.11; text=pymupdf-page-text; k1=1.5; b=0.75; method=lucene; stopwords=en,37,,"Windows 10; Intel64 Family 6 Model 165 Stepping 5, GenuineIntel; see docs/ENVIRONMENT.md",1.0,0.9264610787895102,1.0,0.0,0.00011066623264923691,0.00011024996638298035,0.00015835004160180688,0,"Baseline over PyMuPDF page text (D-014), not the paper's element-summary BM25; not paper-comparable. Pilot subset only (D-013)."
EXP-0002-dense-e5-pagetext-pilot-v1,2026-09-27T08:21:30+00:00,5766b59efcaaa34e19e658f3b57e98d8fb969585,True,REPRO,substituted,ladrag,MMLongBench-Doc,github@d73f0dc0be7e0a2ff6a403d5fe65fcd96461f384,pilot-v1,clean,10,80,66,14,dense-e5-large-v2-pagetext,page,model=intfloat/e5-large-v2@f169b11e; text=pymupdf-page-text; window=512; overlap=64; score=MaxP-cosine; sentence-transformers=6.1.0,1,,"Windows 10; Intel64 Family 6 Model 165 Stepping 5, GenuineIntel; see docs/ENVIRONMENT.md",0.21212121212121213,0.6212121212121212,1.0,0.0,0.018132731251535007,0.019516800064593554,0.024597635003738107,0,"E5-large-v2 over PyMuPDF page text with MaxP token windows (D-016), not the paper's element-summary E5; not paper-comparable. Pilot subset only (D-013)."
EXP-0002-dense-e5-pagetext-pilot-v1,2026-09-27T08:21:30+00:00,5766b59efcaaa34e19e658f3b57e98d8fb969585,True,REPRO,substituted,ladrag,MMLongBench-Doc,github@d73f0dc0be7e0a2ff6a403d5fe65fcd96461f384,pilot-v1,clean,10,80,66,14,dense-e5-large-v2-pagetext,page,model=intfloat/e5-large-v2@f169b11e; text=pymupdf-page-text; window=512; overlap=64; score=MaxP-cosine; sentence-transformers=6.1.0,2,,"Windows 10; Intel64 Family 6 Model 165 Stepping 5, GenuineIntel; see docs/ENVIRONMENT.md",0.2727272727272727,0.75,1.0,0.0,0.018132731251535007,0.019516800064593554,0.024597635003738107,0,"E5-large-v2 over PyMuPDF page text with MaxP token windows (D-016), not the paper's element-summary E5; not paper-comparable. Pilot subset only (D-013)."
EXP-0002-dense-e5-pagetext-pilot-v1,2026-09-27T08:21:30+00:00,5766b59efcaaa34e19e658f3b57e98d8fb969585,True,REPRO,substituted,ladrag,MMLongBench-Doc,github@d73f0dc0be7e0a2ff6a403d5fe65fcd96461f384,pilot-v1,clean,10,80,66,14,dense-e5-large-v2-pagetext,page,model=intfloat/e5-large-v2@f169b11e; text=pymupdf-page-text; window=512; overlap=64; score=MaxP-cosine; sentence-transformers=6.1.0,3,,"Windows 10; Intel64 Family 6 Model 165 Stepping 5, GenuineIntel; see docs/ENVIRONMENT.md",0.30303030303030304,0.7979797979797977,1.0,0.0,0.018132731251535007,0.019516800064593554,0.024597635003738107,0,"E5-large-v2 over PyMuPDF page text with MaxP token windows (D-016), not the paper's element-summary E5; not paper-comparable. Pilot subset only (D-013)."
EXP-0002-dense-e5-pagetext-pilot-v1,2026-09-27T08:21:30+00:00,5766b59efcaaa34e19e658f3b57e98d8fb969585,True,REPRO,substituted,ladrag,MMLongBench-Doc,github@d73f0dc0be7e0a2ff6a403d5fe65fcd96461f384,pilot-v1,clean,10,80,66,14,dense-e5-large-v2-pagetext,page,model=intfloat/e5-large-v2@f169b11e; text=pymupdf-page-text; window=512; overlap=64; score=MaxP-cosine; sentence-transformers=6.1.0,4,,"Windows 10; Intel64 Family 6 Model 165 Stepping 5, GenuineIntel; see docs/ENVIRONMENT.md",0.36363636363636365,0.821969696969697,1.0,0.0,0.018132731251535007,0.019516800064593554,0.024597635003738107,0,"E5-large-v2 over PyMuPDF page text with MaxP token windows (D-016), not the paper's element-summary E5; not paper-comparable. Pilot subset only (D-013)."
EXP-0002-dense-e5-pagetext-pilot-v1,2026-09-27T08:21:30+00:00,5766b59efcaaa34e19e658f3b57e98d8fb969585,True,REPRO,substituted,ladrag,MMLongBench-Doc,github@d73f0dc0be7e0a2ff6a403d5fe65fcd96461f384,pilot-v1,clean,10,80,66,14,dense-e5-large-v2-pagetext,page,model=intfloat/e5-large-v2@f169b11e; text=pymupdf-page-text; window=512; overlap=64; score=MaxP-cosine; sentence-transformers=6.1.0,5,,"Windows 10; Intel64 Family 6 Model 165 Stepping 5, GenuineIntel; see docs/ENVIRONMENT.md",0.3787878787878788,0.8515151515151511,1.0,0.0,0.018132731251535007,0.019516800064593554,0.024597635003738107,0,"E5-large-v2 over PyMuPDF page text with MaxP token windows (D-016), not the paper's element-summary E5; not paper-comparable. Pilot subset only (D-013)."
EXP-0002-dense-e5-pagetext-pilot-v1,2026-09-27T08:21:30+00:00,5766b59efcaaa34e19e658f3b57e98d8fb969585,True,REPRO,substituted,ladrag,MMLongBench-Doc,github@d73f0dc0be7e0a2ff6a403d5fe65fcd96461f384,pilot-v1,clean,10,80,66,14,dense-e5-large-v2-pagetext,page,model=intfloat/e5-large-v2@f169b11e; text=pymupdf-page-text; window=512; overlap=64; score=MaxP-cosine; sentence-transformers=6.1.0,6,,"Windows 10; Intel64 Family 6 Model 165 Stepping 5, GenuineIntel; see docs/ENVIRONMENT.md",0.3939393939393939,0.8661616161616164,1.0,0.0,0.018132731251535007,0.019516800064593554,0.024597635003738107,0,"E5-large-v2 over PyMuPDF page text with MaxP token windows (D-016), not the paper's element-summary E5; not paper-comparable. Pilot subset only (D-013)."
EXP-0002-dense-e5-pagetext-pilot-v1,2026-09-27T08:21:30+00:00,5766b59efcaaa34e19e658f3b57e98d8fb969585,True,REPRO,substituted,ladrag,MMLongBench-Doc,github@d73f0dc0be7e0a2ff6a403d5fe65fcd96461f384,pilot-v1,clean,10,80,66,14,dense-e5-large-v2-pagetext,page,model=intfloat/e5-large-v2@f169b11e; text=pymupdf-page-text; window=512; overlap=64; score=MaxP-cosine; sentence-transformers=6.1.0,7,,"Windows 10; Intel64 Family 6 Model 165 Stepping 5, GenuineIntel; see docs/ENVIRONMENT.md",0.4090909090909091,0.8809523809523804,1.0,0.0,0.018132731251535007,0.019516800064593554,0.024597635003738107,0,"E5-large-v2 over PyMuPDF page text with MaxP token windows (D-016), not the paper's element-summary E5; not paper-comparable. Pilot subset only (D-013)."
EXP-0002-dense-e5-pagetext-pilot-v1,2026-09-27T08:21:30+00:00,5766b59efcaaa34e19e658f3b57e98d8fb969585,True,REPRO,substituted,ladrag,MMLongBench-Doc,github@d73f0dc0be7e0a2ff6a403d5fe65fcd96461f384,pilot-v1,clean,10,80,66,14,dense-e5-large-v2-pagetext,page,model=intfloat/e5-large-v2@f169b11e; text=pymupdf-page-text; window=512; overlap=64; score=MaxP-cosine; sentence-transformers=6.1.0,8,,"Windows 10; Intel64 Family 6 Model 165 Stepping 5, GenuineIntel; see docs/ENVIRONMENT.md",0.4090909090909091,0.8920454545454546,1.0,0.0,0.018132731251535007,0.019516800064593554,0.024597635003738107,0,"E5-large-v2 over PyMuPDF page text with MaxP token windows (D-016), not the paper's element-summary E5; not paper-comparable. Pilot subset only (D-013)."
EXP-0002-dense-e5-pagetext-pilot-v1,2026-09-27T08:21:30+00:00,5766b59efcaaa34e19e658f3b57e98d8fb969585,True,REPRO,substituted,ladrag,MMLongBench-Doc,github@d73f0dc0be7e0a2ff6a403d5fe65fcd96461f384,pilot-v1,clean,10,80,66,14,dense-e5-large-v2-pagetext,page,model=intfloat/e5-large-v2@f169b11e; text=pymupdf-page-text; window=512; overlap=64; score=MaxP-cosine; sentence-transformers=6.1.0,9,,"Windows 10; Intel64 Family 6 Model 165 Stepping 5, GenuineIntel; see docs/ENVIRONMENT.md",0.4393939393939394,0.9006734006734,1.0,0.0,0.018132731251535007,0.019516800064593554,0.024597635003738107,0,"E5-large-v2 over PyMuPDF page text with MaxP token windows (D-016), not the paper's element-summary E5; not paper-comparable. Pilot subset only (D-013)."
EXP-0002-dense-e5-pagetext-pilot-v1,2026-09-27T08:21:30+00:00,5766b59efcaaa34e19e658f3b57e98d8fb969585,True,REPRO,substituted,ladrag,MMLongBench-Doc,github@d73f0dc0be7e0a2ff6a403d5fe65fcd96461f384,pilot-v1,clean,10,80,66,14,dense-e5-large-v2-pagetext,page,model=intfloat/e5-large-v2@f169b11e; text=pymupdf-page-text; window=512; overlap=64; score=MaxP-cosine; sentence-transformers=6.1.0,10,,"Windows 10; Intel64 Family 6 Model 165 Stepping 5, GenuineIntel; see docs/ENVIRONMENT.md",0.4696969696969697,0.9060606060606056,1.0,0.0,0.018132731251535007,0.019516800064593554,0.024597635003738107,0,"E5-large-v2 over PyMuPDF page text with MaxP token windows (D-016), not the paper's element-summary E5; not paper-comparable. Pilot subset only (D-013)."
EXP-0002-dense-e5-pagetext-pilot-v1,2026-09-27T08:21:30+00:00,5766b59efcaaa34e19e658f3b57e98d8fb969585,True,REPRO,substituted,ladrag,MMLongBench-Doc,github@d73f0dc0be7e0a2ff6a403d5fe65fcd96461f384,pilot-v1,clean,10,80,66,14,dense-e5-large-v2-pagetext,page,model=intfloat/e5-large-v2@f169b11e; text=pymupdf-page-text; window=512; overlap=64; score=MaxP-cosine; sentence-transformers=6.1.0,11,,"Windows 10; Intel64 Family 6 Model 165 Stepping 5, GenuineIntel; see docs/ENVIRONMENT.md",0.5454545454545454,0.907713498622589,1.0,0.0,0.018132731251535007,0.019516800064593554,0.024597635003738107,0,"E5-large-v2 over PyMuPDF page text with MaxP token windows (D-016), not the paper's element-summary E5; not paper-comparable. Pilot subset only (D-013)."
EXP-0002-dense-e5-pagetext-pilot-v1,2026-09-27T08:21:30+00:00,5766b59efcaaa34e19e658f3b57e98d8fb969585,True,REPRO,substituted,ladrag,MMLongBench-Doc,github@d73f0dc0be7e0a2ff6a403d5fe65fcd96461f384,pilot-v1,clean,10,80,66,14,dense-e5-large-v2-pagetext,page,model=intfloat/e5-large-v2@f169b11e; text=pymupdf-page-text; window=512; overlap=64; score=MaxP-cosine; sentence-transformers=6.1.0,12,,"Windows 10; Intel64 Family 6 Model 165 Stepping 5, GenuineIntel; see docs/ENVIRONMENT.md",0.5909090909090909,0.9103535353535349,1.0,0.0,0.018132731251535007,0.019516800064593554,0.024597635003738107,0,"E5-large-v2 over PyMuPDF page text with MaxP token windows (D-016), not the paper's element-summary E5; not paper-comparable. Pilot subset only (D-013)."
EXP-0002-dense-e5-pagetext-pilot-v1,2026-09-27T08:21:30+00:00,5766b59efcaaa34e19e658f3b57e98d8fb969585,True,REPRO,substituted,ladrag,MMLongBench-Doc,github@d73f0dc0be7e0a2ff6a403d5fe65fcd96461f384,pilot-v1,clean,10,80,66,14,dense-e5-large-v2-pagetext,page,model=intfloat/e5-large-v2@f169b11e; text=pymupdf-page-text; window=512; overlap=64; score=MaxP-cosine; sentence-transformers=6.1.0,13,,"Windows 10; Intel64 Family 6 Model 165 Stepping 5, GenuineIntel; see docs/ENVIRONMENT.md",0.6515151515151515,0.9114219114219106,1.0,0.0,0.018132731251535007,0.019516800064593554,0.024597635003738107,0,"E5-large-v2 over PyMuPDF page text with MaxP token windows (D-016), not the paper's element-summary E5; not paper-comparable. Pilot subset only (D-013)."
EXP-0002-dense-e5-pagetext-pilot-v1,2026-09-27T08:21:30+00:00,5766b59efcaaa34e19e658f3b57e98d8fb969585,True,REPRO,substituted,ladrag,MMLongBench-Doc,github@d73f0dc0be7e0a2ff6a403d5fe65fcd96461f384,pilot-v1,clean,10,80,66,14,dense-e5-large-v2-pagetext,page,model=intfloat/e5-large-v2@f169b11e; text=pymupdf-page-text; window=512; overlap=64; score=MaxP-cosine; sentence-transformers=6.1.0,14,,"Windows 10; Intel64 Family 6 Model 165 Stepping 5, GenuineIntel; see docs/ENVIRONMENT.md",0.7121212121212122,0.9112554112554114,1.0,0.0,0.018132731251535007,0.019516800064593554,0.024597635003738107,0,"E5-large-v2 over PyMuPDF page text with MaxP token windows (D-016), not the paper's element-summary E5; not paper-comparable. Pilot subset only (D-013)."
EXP-0002-dense-e5-pagetext-pilot-v1,2026-09-27T08:21:30+00:00,5766b59efcaaa34e19e658f3b57e98d8fb969585,True,REPRO,substituted,ladrag,MMLongBench-Doc,github@d73f0dc0be7e0a2ff6a403d5fe65fcd96461f384,pilot-v1,clean,10,80,66,14,dense-e5-large-v2-pagetext,page,model=intfloat/e5-large-v2@f169b11e; text=pymupdf-page-text; window=512; overlap=64; score=MaxP-cosine; sentence-transformers=6.1.0,15,,"Windows 10; Intel64 Family 6 Model 165 Stepping 5, GenuineIntel; see docs/ENVIRONMENT.md",0.7424242424242424,0.9131313131313125,1.0,0.0,0.018132731251535007,0.019516800064593554,0.024597635003738107,0,"E5-large-v2 over PyMuPDF page text with MaxP token windows (D-016), not the paper's element-summary E5; not paper-comparable. Pilot subset only (D-013)."
EXP-0002-dense-e5-pagetext-pilot-v1,2026-09-27T08:21:30+00:00,5766b59efcaaa34e19e658f3b57e98d8fb969585,True,REPRO,substituted,ladrag,MMLongBench-Doc,github@d73f0dc0be7e0a2ff6a403d5fe65fcd96461f384,pilot-v1,clean,10,80,66,14,dense-e5-large-v2-pagetext,page,model=intfloat/e5-large-v2@f169b11e; text=pymupdf-page-text; window=512; overlap=64; score=MaxP-cosine; sentence-transformers=6.1.0,16,,"Windows 10; Intel64 Family 6 Model 165 Stepping 5, GenuineIntel; see docs/ENVIRONMENT.md",0.7575757575757576,0.9171717171717172,1.0,0.0,0.018132731251535007,0.019516800064593554,0.024597635003738107,0,"E5-large-v2 over PyMuPDF page text with MaxP token windows (D-016), not the paper's element-summary E5; not paper-comparable. Pilot subset only (D-013)."
EXP-0002-dense-e5-pagetext-pilot-v1,2026-09-27T08:21:30+00:00,5766b59efcaaa34e19e658f3b57e98d8fb969585,True,REPRO,substituted,ladrag,MMLongBench-Doc,github@d73f0dc0be7e0a2ff6a403d5fe65fcd96461f384,pilot-v1,clean,10,80,66,14,dense-e5-large-v2-pagetext,page,model=intfloat/e5-large-v2@f169b11e; text=pymupdf-page-text; window=512; overlap=64; score=MaxP-cosine; sentence-transformers=6.1.0,17,,"Windows 10; Intel64 Family 6 Model 165 Stepping 5, GenuineIntel; see docs/ENVIRONMENT.md",0.7878787878787878,0.9188985442661907,1.0,0.0,0.018132731251535007,0.019516800064593554,0.024597635003738107,0,"E5-large-v2 over PyMuPDF page text with MaxP token windows (D-016), not the paper's element-summary E5; not paper-comparable. Pilot subset only (D-013)."
EXP-0002-dense-e5-pagetext-pilot-v1,2026-09-27T08:21:30+00:00,5766b59efcaaa34e19e658f3b57e98d8fb969585,True,REPRO,substituted,ladrag,MMLongBench-Doc,github@d73f0dc0be7e0a2ff6a403d5fe65fcd96461f384,pilot-v1,clean,10,80,66,14,dense-e5-large-v2-pagetext,page,model=intfloat/e5-large-v2@f169b11e; text=pymupdf-page-text; window=512; overlap=64; score=MaxP-cosine; sentence-transformers=6.1.0,18,,"Windows 10; Intel64 Family 6 Model 165 Stepping 5, GenuineIntel; see docs/ENVIRONMENT.md",0.7878787878787878,0.9212752525252519,1.0,0.0,0.018132731251535007,0.019516800064593554,0.024597635003738107,0,"E5-large-v2 over PyMuPDF page text with MaxP token windows (D-016), not the paper's element-summary E5; not paper-comparable. Pilot subset only (D-013)."
EXP-0002-dense-e5-pagetext-pilot-v1,2026-09-27T08:21:30+00:00,5766b59efcaaa34e19e658f3b57e98d8fb969585,True,REPRO,substituted,ladrag,MMLongBench-Doc,github@d73f0dc0be7e0a2ff6a403d5fe65fcd96461f384,pilot-v1,clean,10,80,66,14,dense-e5-large-v2-pagetext,page,model=intfloat/e5-large-v2@f169b11e; text=pymupdf-page-text; window=512; overlap=64; score=MaxP-cosine; sentence-transformers=6.1.0,19,,"Windows 10; Intel64 Family 6 Model 165 Stepping 5, GenuineIntel; see docs/ENVIRONMENT.md",0.7878787878787878,0.9234017809675699,1.0,0.0,0.018132731251535007,0.019516800064593554,0.024597635003738107,0,"E5-large-v2 over PyMuPDF page text with MaxP token windows (D-016), not the paper's element-summary E5; not paper-comparable. Pilot subset only (D-013)."
EXP-0002-dense-e5-pagetext-pilot-v1,2026-09-27T08:21:30+00:00,5766b59efcaaa34e19e658f3b57e98d8fb969585,True,REPRO,substituted,ladrag,MMLongBench-Doc,github@d73f0dc0be7e0a2ff6a403d5fe65fcd96461f384,pilot-v1,clean,10,80,66,14,dense-e5-large-v2-pagetext,page,model=intfloat/e5-large-v2@f169b11e; text=pymupdf-page-text; window=512; overlap=64; score=MaxP-cosine; sentence-transformers=6.1.0,20,,"Windows 10; Intel64 Family 6 Model 165 Stepping 5, GenuineIntel; see docs/ENVIRONMENT.md",0.803030303030303,0.9245580808080809,1.0,0.0,0.018132731251535007,0.019516800064593554,0.024597635003738107,0,"E5-large-v2 over PyMuPDF page text with MaxP token windows (D-016), not the paper's element-summary E5; not paper-comparable. Pilot subset only (D-013)."
EXP-0002-dense-e5-pagetext-pilot-v1,2026-09-27T08:21:30+00:00,5766b59efcaaa34e19e658f3b57e98d8fb969585,True,REPRO,substituted,ladrag,MMLongBench-Doc,github@d73f0dc0be7e0a2ff6a403d5fe65fcd96461f384,pilot-v1,clean,10,80,66,14,dense-e5-large-v2-pagetext,page,model=intfloat/e5-large-v2@f169b11e; text=pymupdf-page-text; window=512; overlap=64; score=MaxP-cosine; sentence-transformers=6.1.0,21,,"Windows 10; Intel64 Family 6 Model 165 Stepping 5, GenuineIntel; see docs/ENVIRONMENT.md",0.8181818181818182,0.9256042568542561,1.0,0.0,0.018132731251535007,0.019516800064593554,0.024597635003738107,0,"E5-large-v2 over PyMuPDF page text with MaxP token windows (D-016), not the paper's element-summary E5; not paper-comparable. Pilot subset only (D-013)."
EXP-0002-dense-e5-pagetext-pilot-v1,2026-09-27T08:21:30+00:00,5766b59efcaaa34e19e658f3b57e98d8fb969585,True,REPRO,substituted,ladrag,MMLongBench-Doc,github@d73f0dc0be7e0a2ff6a403d5fe65fcd96461f384,pilot-v1,clean,10,80,66,14,dense-e5-large-v2-pagetext,page,model=intfloat/e5-large-v2@f169b11e; text=pymupdf-page-text; window=512; overlap=64; score=MaxP-cosine; sentence-transformers=6.1.0,22,,"Windows 10; Intel64 Family 6 Model 165 Stepping 5, GenuineIntel; see docs/ENVIRONMENT.md",0.8181818181818182,0.926883280860553,1.0,0.0,0.018132731251535007,0.019516800064593554,0.024597635003738107,0,"E5-large-v2 over PyMuPDF page text with MaxP token windows (D-016), not the paper's element-summary E5; not paper-comparable. Pilot subset only (D-013)."
EXP-0002-dense-e5-pagetext-pilot-v1,2026-09-27T08:21:30+00:00,5766b59efcaaa34e19e658f3b57e98d8fb969585,True,REPRO,substituted,ladrag,MMLongBench-Doc,github@d73f0dc0be7e0a2ff6a403d5fe65fcd96461f384,pilot-v1,clean,10,80,66,14,dense-e5-large-v2-pagetext,page,model=intfloat/e5-large-v2@f169b11e; text=pymupdf-page-text; window=512; overlap=64; score=MaxP-cosine; sentence-transformers=6.1.0,23,,"Windows 10; Intel64 Family 6 Model 165 Stepping 5, GenuineIntel; see docs/ENVIRONMENT.md",0.8181818181818182,0.9280510853880422,1.0,0.0,0.018132731251535007,0.019516800064593554,0.024597635003738107,0,"E5-large-v2 over PyMuPDF page text with MaxP token windows (D-016), not the paper's element-summary E5; not paper-comparable. Pilot subset only (D-013)."
EXP-0002-dense-e5-pagetext-pilot-v1,2026-09-27T08:21:30+00:00,5766b59efcaaa34e19e658f3b57e98d8fb969585,True,REPRO,substituted,ladrag,MMLongBench-Doc,github@d73f0dc0be7e0a2ff6a403d5fe65fcd96461f384,pilot-v1,clean,10,80,66,14,dense-e5-large-v2-pagetext,page,model=intfloat/e5-large-v2@f169b11e; text=pymupdf-page-text; window=512; overlap=64; score=MaxP-cosine; sentence-transformers=6.1.0,24,,"Windows 10; Intel64 Family 6 Model 165 Stepping 5, GenuineIntel; see docs/ENVIRONMENT.md",0.8181818181818182,0.929121572871573,1.0,0.0,0.018132731251535007,0.019516800064593554,0.024597635003738107,0,"E5-large-v2 over PyMuPDF page text with MaxP token windows (D-016), not the paper's element-summary E5; not paper-comparable. Pilot subset only (D-013)."
EXP-0002-dense-e5-pagetext-pilot-v1,2026-09-27T08:21:30+00:00,5766b59efcaaa34e19e658f3b57e98d8fb969585,True,REPRO,substituted,ladrag,MMLongBench-Doc,github@d73f0dc0be7e0a2ff6a403d5fe65fcd96461f384,pilot-v1,clean,10,80,66,14,dense-e5-large-v2-pagetext,page,model=intfloat/e5-large-v2@f169b11e; text=pymupdf-page-text; window=512; overlap=64; score=MaxP-cosine; sentence-transformers=6.1.0,25,,"Windows 10; Intel64 Family 6 Model 165 Stepping 5, GenuineIntel; see docs/ENVIRONMENT.md",0.8181818181818182,0.9301064213564215,1.0,0.0,0.018132731251535007,0.019516800064593554,0.024597635003738107,0,"E5-large-v2 over PyMuPDF page text with MaxP token windows (D-016), not the paper's element-summary E5; not paper-comparable. Pilot subset only (D-013)."
EXP-0002-dense-e5-pagetext-pilot-v1,2026-09-27T08:21:30+00:00,5766b59efcaaa34e19e658f3b57e98d8fb969585,True,REPRO,substituted,ladrag,MMLongBench-Doc,github@d73f0dc0be7e0a2ff6a403d5fe65fcd96461f384,pilot-v1,clean,10,80,66,14,dense-e5-large-v2-pagetext,page,model=intfloat/e5-large-v2@f169b11e; text=pymupdf-page-text; window=512; overlap=64; score=MaxP-cosine; sentence-transformers=6.1.0,26,,"Windows 10; Intel64 Family 6 Model 165 Stepping 5, GenuineIntel; see docs/ENVIRONMENT.md",0.8333333333333334,0.9298500111000104,1.0,0.0,0.018132731251535007,0.019516800064593554,0.024597635003738107,0,"E5-large-v2 over PyMuPDF page text with MaxP token windows (D-016), not the paper's element-summary E5; not paper-comparable. Pilot subset only (D-013)."
EXP-0002-dense-e5-pagetext-pilot-v1,2026-09-27T08:21:30+00:00,5766b59efcaaa34e19e658f3b57e98d8fb969585,True,REPRO,substituted,ladrag,MMLongBench-Doc,github@d73f0dc0be7e0a2ff6a403d5fe65fcd96461f384,pilot-v1,clean,10,80,66,14,dense-e5-large-v2-pagetext,page,model=intfloat/e5-large-v2@f169b11e; text=pymupdf-page-text; window=512; overlap=64; score=MaxP-cosine; sentence-transformers=6.1.0,27,,"Windows 10; Intel64 Family 6 Model 165 Stepping 5, GenuineIntel; see docs/ENVIRONMENT.md",0.8636363636363636,0.9290514269680933,1.0,0.0,0.018132731251535007,0.019516800064593554,0.024597635003738107,0,"E5-large-v2 over PyMuPDF page text with MaxP token windows (D-016), not the paper's element-summary E5; not paper-comparable. Pilot subset only (D-013)."
EXP-0002-dense-e5-pagetext-pilot-v1,2026-09-27T08:21:30+00:00,5766b59efcaaa34e19e658f3b57e98d8fb969585,True,REPRO,substituted,ladrag,MMLongBench-Doc,github@d73f0dc0be7e0a2ff6a403d5fe65fcd96461f384,pilot-v1,clean,10,80,66,14,dense-e5-large-v2-pagetext,page,model=intfloat/e5-large-v2@f169b11e; text=pymupdf-page-text; window=512; overlap=64; score=MaxP-cosine; sentence-transformers=6.1.0,28,,"Windows 10; Intel64 Family 6 Model 165 Stepping 5, GenuineIntel; see docs/ENVIRONMENT.md",0.8939393939393939,0.9276084255250923,1.0,0.0,0.018132731251535007,0.019516800064593554,0.024597635003738107,0,"E5-large-v2 over PyMuPDF page text with MaxP token windows (D-016), not the paper's element-summary E5; not paper-comparable. Pilot subset only (D-013)."
EXP-0002-dense-e5-pagetext-pilot-v1,2026-09-27T08:21:30+00:00,5766b59efcaaa34e19e658f3b57e98d8fb969585,True,REPRO,substituted,ladrag,MMLongBench-Doc,github@d73f0dc0be7e0a2ff6a403d5fe65fcd96461f384,pilot-v1,clean,10,80,66,14,dense-e5-large-v2-pagetext,page,model=intfloat/e5-large-v2@f169b11e; text=pymupdf-page-text; window=512; overlap=64; score=MaxP-cosine; sentence-transformers=6.1.0,29,,"Windows 10; Intel64 Family 6 Model 165 Stepping 5, GenuineIntel; see docs/ENVIRONMENT.md",0.9242424242424242,0.9265448339442589,1.0,0.0,0.018132731251535007,0.019516800064593554,0.024597635003738107,0,"E5-large-v2 over PyMuPDF page text with MaxP token windows (D-016), not the paper's element-summary E5; not paper-comparable. Pilot subset only (D-013)."
EXP-0002-dense-e5-pagetext-pilot-v1,2026-09-27T08:21:30+00:00,5766b59efcaaa34e19e658f3b57e98d8fb969585,True,REPRO,substituted,ladrag,MMLongBench-Doc,github@d73f0dc0be7e0a2ff6a403d5fe65fcd96461f384,pilot-v1,clean,10,80,66,14,dense-e5-large-v2-pagetext,page,model=intfloat/e5-large-v2@f169b11e; text=pymupdf-page-text; window=512; overlap=64; score=MaxP-cosine; sentence-transformers=6.1.0,30,,"Windows 10; Intel64 Family 6 Model 165 Stepping 5, GenuineIntel; see docs/ENVIRONMENT.md",0.9393939393939394,0.9265622494789162,1.0,0.0,0.018132731251535007,0.019516800064593554,0.024597635003738107,0,"E5-large-v2 over PyMuPDF page text with MaxP token windows (D-016), not the paper's element-summary E5; not paper-comparable. Pilot subset only (D-013)."
EXP-0002-dense-e5-pagetext-pilot-v1,2026-09-27T08:21:30+00:00,5766b59efcaaa34e19e658f3b57e98d8fb969585,True,REPRO,substituted,ladrag,MMLongBench-Doc,github@d73f0dc0be7e0a2ff6a403d5fe65fcd96461f384,pilot-v1,clean,10,80,66,14,dense-e5-large-v2-pagetext,page,model=intfloat/e5-large-v2@f169b11e; text=pymupdf-page-text; window=512; overlap=64; score=MaxP-cosine; sentence-transformers=6.1.0,31,,"Windows 10; Intel64 Family 6 Model 165 Stepping 5, GenuineIntel; see docs/ENVIRONMENT.md",0.9696969696969697,0.9259268633596591,1.0,0.0,0.018132731251535007,0.019516800064593554,0.024597635003738107,0,"E5-large-v2 over PyMuPDF page text with MaxP token windows (D-016), not the paper's element-summary E5; not paper-comparable. Pilot subset only (D-013)."
EXP-0002-dense-e5-pagetext-pilot-v1,2026-09-27T08:21:30+00:00,5766b59efcaaa34e19e658f3b57e98d8fb969585,True,REPRO,substituted,ladrag,MMLongBench-Doc,github@d73f0dc0be7e0a2ff6a403d5fe65fcd96461f384,pilot-v1,clean,10,80,66,14,dense-e5-large-v2-pagetext,page,model=intfloat/e5-large-v2@f169b11e; text=pymupdf-page-text; window=512; overlap=64; score=MaxP-cosine; sentence-transformers=6.1.0,32,,"Windows 10; Intel64 Family 6 Model 165 Stepping 5, GenuineIntel; see docs/ENVIRONMENT.md",0.9696969696969697,0.9262781585698252,1.0,0.0,0.018132731251535007,0.019516800064593554,0.024597635003738107,0,"E5-large-v2 over PyMuPDF page text with MaxP token windows (D-016), not the paper's element-summary E5; not paper-comparable. Pilot subset only (D-013)."
EXP-0002-dense-e5-pagetext-pilot-v1,2026-09-27T08:21:30+00:00,5766b59efcaaa34e19e658f3b57e98d8fb969585,True,REPRO,substituted,ladrag,MMLongBench-Doc,github@d73f0dc0be7e0a2ff6a403d5fe65fcd96461f384,pilot-v1,clean,10,80,66,14,dense-e5-large-v2-pagetext,page,model=intfloat/e5-large-v2@f169b11e; text=pymupdf-page-text; window=512; overlap=64; score=MaxP-cosine; sentence-transformers=6.1.0,33,,"Windows 10; Intel64 Family 6 Model 165 Stepping 5, GenuineIntel; see docs/ENVIRONMENT.md",1.0,0.925689889515647,1.0,0.0,0.018132731251535007,0.019516800064593554,0.024597635003738107,0,"E5-large-v2 over PyMuPDF page text with MaxP token windows (D-016), not the paper's element-summary E5; not paper-comparable. Pilot subset only (D-013)."
EXP-0002-dense-e5-pagetext-pilot-v1,2026-09-27T08:21:30+00:00,5766b59efcaaa34e19e658f3b57e98d8fb969585,True,REPRO,substituted,ladrag,MMLongBench-Doc,github@d73f0dc0be7e0a2ff6a403d5fe65fcd96461f384,pilot-v1,clean,10,80,66,14,dense-e5-large-v2-pagetext,page,model=intfloat/e5-large-v2@f169b11e; text=pymupdf-page-text; window=512; overlap=64; score=MaxP-cosine; sentence-transformers=6.1.0,34,,"Windows 10; Intel64 Family 6 Model 165 Stepping 5, GenuineIntel; see docs/ENVIRONMENT.md",1.0,0.9260274901206271,1.0,0.0,0.018132731251535007,0.019516800064593554,0.024597635003738107,0,"E5-large-v2 over PyMuPDF page text with MaxP token windows (D-016), not the paper's element-summary E5; not paper-comparable. Pilot subset only (D-013)."
EXP-0002-dense-e5-pagetext-pilot-v1,2026-09-27T08:21:30+00:00,5766b59efcaaa34e19e658f3b57e98d8fb969585,True,REPRO,substituted,ladrag,MMLongBench-Doc,github@d73f0dc0be7e0a2ff6a403d5fe65fcd96461f384,pilot-v1,clean,10,80,66,14,dense-e5-large-v2-pagetext,page,model=intfloat/e5-large-v2@f169b11e; text=pymupdf-page-text; window=512; overlap=64; score=MaxP-cosine; sentence-transformers=6.1.0,35,,"Windows 10; Intel64 Family 6 Model 165 Stepping 5, GenuineIntel; see docs/ENVIRONMENT.md",1.0,0.9261802785087097,1.0,0.0,0.018132731251535007,0.019516800064593554,0.024597635003738107,0,"E5-large-v2 over PyMuPDF page text with MaxP token windows (D-016), not the paper's element-summary E5; not paper-comparable. Pilot subset only (D-013)."
EXP-0002-dense-e5-pagetext-pilot-v1,2026-09-27T08:21:30+00:00,5766b59efcaaa34e19e658f3b57e98d8fb969585,True,REPRO,substituted,ladrag,MMLongBench-Doc,github@d73f0dc0be7e0a2ff6a403d5fe65fcd96461f384,pilot-v1,clean,10,80,66,14,dense-e5-large-v2-pagetext,page,model=intfloat/e5-large-v2@f169b11e; text=pymupdf-page-text; window=512; overlap=64; score=MaxP-cosine; sentence-transformers=6.1.0,36,,"Windows 10; Intel64 Family 6 Model 165 Stepping 5, GenuineIntel; see docs/ENVIRONMENT.md",1.0,0.9263245786530099,1.0,0.0,0.018132731251535007,0.019516800064593554,0.024597635003738107,0,"E5-large-v2 over PyMuPDF page text with MaxP token windows (D-016), not the paper's element-summary E5; not paper-comparable. Pilot subset only (D-013)."
EXP-0002-dense-e5-pagetext-pilot-v1,2026-09-27T08:21:30+00:00,5766b59efcaaa34e19e658f3b57e98d8fb969585,True,REPRO,substituted,ladrag,MMLongBench-Doc,github@d73f0dc0be7e0a2ff6a403d5fe65fcd96461f384,pilot-v1,clean,10,80,66,14,dense-e5-large-v2-pagetext,page,model=intfloat/e5-large-v2@f169b11e; text=pymupdf-page-text; window=512; overlap=64; score=MaxP-cosine; sentence-transformers=6.1.0,37,,"Windows 10; Intel64 Family 6 Model 165 Stepping 5, GenuineIntel; see docs/ENVIRONMENT.md",1.0,0.9264610787895102,1.0,0.0,0.018132731251535007,0.019516800064593554,0.024597635003738107,0,"E5-large-v2 over PyMuPDF page text with MaxP token windows (D-016), not the paper's element-summary E5; not paper-comparable. Pilot subset only (D-013)."
EXP-0003-dense-bge-pagetext-pilot-v1,2026-09-27T08:21:57+00:00,5766b59efcaaa34e19e658f3b57e98d8fb969585,True,REPRO,substituted,ladrag,MMLongBench-Doc,github@d73f0dc0be7e0a2ff6a403d5fe65fcd96461f384,pilot-v1,clean,10,80,66,14,dense-bge-large-en-pagetext,page,model=BAAI/bge-large-en@abe7d9d8; text=pymupdf-page-text; window=512; overlap=64; score=MaxP-cosine; sentence-transformers=6.1.0,1,,"Windows 10; Intel64 Family 6 Model 165 Stepping 5, GenuineIntel; see docs/ENVIRONMENT.md",0.19696969696969696,0.5909090909090909,1.0,0.0,0.01852694125263952,0.019767500110901892,0.024071690172422677,0,"BGE-large-en over PyMuPDF page text with MaxP token windows (D-016), not the paper's element-summary BGE; not paper-comparable. Pilot subset only (D-013)."
EXP-0003-dense-bge-pagetext-pilot-v1,2026-09-27T08:21:57+00:00,5766b59efcaaa34e19e658f3b57e98d8fb969585,True,REPRO,substituted,ladrag,MMLongBench-Doc,github@d73f0dc0be7e0a2ff6a403d5fe65fcd96461f384,pilot-v1,clean,10,80,66,14,dense-bge-large-en-pagetext,page,model=BAAI/bge-large-en@abe7d9d8; text=pymupdf-page-text; window=512; overlap=64; score=MaxP-cosine; sentence-transformers=6.1.0,2,,"Windows 10; Intel64 Family 6 Model 165 Stepping 5, GenuineIntel; see docs/ENVIRONMENT.md",0.2727272727272727,0.7348484848484849,1.0,0.0,0.01852694125263952,0.019767500110901892,0.024071690172422677,0,"BGE-large-en over PyMuPDF page text with MaxP token windows (D-016), not the paper's element-summary BGE; not paper-comparable. Pilot subset only (D-013)."
EXP-0003-dense-bge-pagetext-pilot-v1,2026-09-27T08:21:57+00:00,5766b59efcaaa34e19e658f3b57e98d8fb969585,True,REPRO,substituted,ladrag,MMLongBench-Doc,github@d73f0dc0be7e0a2ff6a403d5fe65fcd96461f384,pilot-v1,clean,10,80,66,14,dense-bge-large-en-pagetext,page,model=BAAI/bge-large-en@abe7d9d8; text=pymupdf-page-text; window=512; overlap=64; score=MaxP-cosine; sentence-transformers=6.1.0,3,,"Windows 10; Intel64 Family 6 Model 165 Stepping 5, GenuineIntel; see docs/ENVIRONMENT.md",0.3333333333333333,0.7878787878787875,1.0,0.0,0.01852694125263952,0.019767500110901892,0.024071690172422677,0,"BGE-large-en over PyMuPDF page text with MaxP token windows (D-016), not the paper's element-summary BGE; not paper-comparable. Pilot subset only (D-013)."
EXP-0003-dense-bge-pagetext-pilot-v1,2026-09-27T08:21:57+00:00,5766b59efcaaa34e19e658f3b57e98d8fb969585,True,REPRO,substituted,ladrag,MMLongBench-Doc,github@d73f0dc0be7e0a2ff6a403d5fe65fcd96461f384,pilot-v1,clean,10,80,66,14,dense-bge-large-en-pagetext,page,model=BAAI/bge-large-en@abe7d9d8; text=pymupdf-page-text; window=512; overlap=64; score=MaxP-cosine; sentence-transformers=6.1.0,4,,"Windows 10; Intel64 Family 6 Model 165 Stepping 5, GenuineIntel; see docs/ENVIRONMENT.md",0.36363636363636365,0.821969696969697,1.0,0.0,0.01852694125263952,0.019767500110901892,0.024071690172422677,0,"BGE-large-en over PyMuPDF page text with MaxP token windows (D-016), not the paper's element-summary BGE; not paper-comparable. Pilot subset only (D-013)."
EXP-0003-dense-bge-pagetext-pilot-v1,2026-09-27T08:21:57+00:00,5766b59efcaaa34e19e658f3b57e98d8fb969585,True,REPRO,substituted,ladrag,MMLongBench-Doc,github@d73f0dc0be7e0a2ff6a403d5fe65fcd96461f384,pilot-v1,clean,10,80,66,14,dense-bge-large-en-pagetext,page,model=BAAI/bge-large-en@abe7d9d8; text=pymupdf-page-text; window=512; overlap=64; score=MaxP-cosine; sentence-transformers=6.1.0,5,,"Windows 10; Intel64 Family 6 Model 165 Stepping 5, GenuineIntel; see docs/ENVIRONMENT.md",0.3787878787878788,0.845454545454545,1.0,0.0,0.01852694125263952,0.019767500110901892,0.024071690172422677,0,"BGE-large-en over PyMuPDF page text with MaxP token windows (D-016), not the paper's element-summary BGE; not paper-comparable. Pilot subset only (D-013)."
EXP-0003-dense-bge-pagetext-pilot-v1,2026-09-27T08:21:57+00:00,5766b59efcaaa34e19e658f3b57e98d8fb969585,True,REPRO,substituted,ladrag,MMLongBench-Doc,github@d73f0dc0be7e0a2ff6a403d5fe65fcd96461f384,pilot-v1,clean,10,80,66,14,dense-bge-large-en-pagetext,page,model=BAAI/bge-large-en@abe7d9d8; text=pymupdf-page-text; window=512; overlap=64; score=MaxP-cosine; sentence-transformers=6.1.0,6,,"Windows 10; Intel64 Family 6 Model 165 Stepping 5, GenuineIntel; see docs/ENVIRONMENT.md",0.45454545454545453,0.8560606060606063,1.0,0.0,0.01852694125263952,0.019767500110901892,0.024071690172422677,0,"BGE-large-en over PyMuPDF page text with MaxP token windows (D-016), not the paper's element-summary BGE; not paper-comparable. Pilot subset only (D-013)."
EXP-0003-dense-bge-pagetext-pilot-v1,2026-09-27T08:21:57+00:00,5766b59efcaaa34e19e658f3b57e98d8fb969585,True,REPRO,substituted,ladrag,MMLongBench-Doc,github@d73f0dc0be7e0a2ff6a403d5fe65fcd96461f384,pilot-v1,clean,10,80,66,14,dense-bge-large-en-pagetext,page,model=BAAI/bge-large-en@abe7d9d8; text=pymupdf-page-text; window=512; overlap=64; score=MaxP-cosine; sentence-transformers=6.1.0,7,,"Windows 10; Intel64 Family 6 Model 165 Stepping 5, GenuineIntel; see docs/ENVIRONMENT.md",0.48484848484848486,0.8679653679653676,1.0,0.0,0.01852694125263952,0.019767500110901892,0.024071690172422677,0,"BGE-large-en over PyMuPDF page text with MaxP token windows (D-016), not the paper's element-summary BGE; not paper-comparable. Pilot subset only (D-013)."
EXP-0003-dense-bge-pagetext-pilot-v1,2026-09-27T08:21:57+00:00,5766b59efcaaa34e19e658f3b57e98d8fb969585,True,REPRO,substituted,ladrag,MMLongBench-Doc,github@d73f0dc0be7e0a2ff6a403d5fe65fcd96461f384,pilot-v1,clean,10,80,66,14,dense-bge-large-en-pagetext,page,model=BAAI/bge-large-en@abe7d9d8; text=pymupdf-page-text; window=512; overlap=64; score=MaxP-cosine; sentence-transformers=6.1.0,8,,"Windows 10; Intel64 Family 6 Model 165 Stepping 5, GenuineIntel; see docs/ENVIRONMENT.md",0.5,0.8825757575757576,1.0,0.0,0.01852694125263952,0.019767500110901892,0.024071690172422677,0,"BGE-large-en over PyMuPDF page text with MaxP token windows (D-016), not the paper's element-summary BGE; not paper-comparable. Pilot subset only (D-013)."
EXP-0003-dense-bge-pagetext-pilot-v1,2026-09-27T08:21:57+00:00,5766b59efcaaa34e19e658f3b57e98d8fb969585,True,REPRO,substituted,ladrag,MMLongBench-Doc,github@d73f0dc0be7e0a2ff6a403d5fe65fcd96461f384,pilot-v1,clean,10,80,66,14,dense-bge-large-en-pagetext,page,model=BAAI/bge-large-en@abe7d9d8; text=pymupdf-page-text; window=512; overlap=64; score=MaxP-cosine; sentence-transformers=6.1.0,9,,"Windows 10; Intel64 Family 6 Model 165 Stepping 5, GenuineIntel; see docs/ENVIRONMENT.md",0.5151515151515151,0.8922558922558917,1.0,0.0,0.01852694125263952,0.019767500110901892,0.024071690172422677,0,"BGE-large-en over PyMuPDF page text with MaxP token windows (D-016), not the paper's element-summary BGE; not paper-comparable. Pilot subset only (D-013)."
EXP-0003-dense-bge-pagetext-pilot-v1,2026-09-27T08:21:57+00:00,5766b59efcaaa34e19e658f3b57e98d8fb969585,True,REPRO,substituted,ladrag,MMLongBench-Doc,github@d73f0dc0be7e0a2ff6a403d5fe65fcd96461f384,pilot-v1,clean,10,80,66,14,dense-bge-large-en-pagetext,page,model=BAAI/bge-large-en@abe7d9d8; text=pymupdf-page-text; window=512; overlap=64; score=MaxP-cosine; sentence-transformers=6.1.0,10,,"Windows 10; Intel64 Family 6 Model 165 Stepping 5, GenuineIntel; see docs/ENVIRONMENT.md",0.5606060606060606,0.8984848484848479,1.0,0.0,0.01852694125263952,0.019767500110901892,0.024071690172422677,0,"BGE-large-en over PyMuPDF page text with MaxP token windows (D-016), not the paper's element-summary BGE; not paper-comparable. Pilot subset only (D-013)."
EXP-0003-dense-bge-pagetext-pilot-v1,2026-09-27T08:21:57+00:00,5766b59efcaaa34e19e658f3b57e98d8fb969585,True,REPRO,substituted,ladrag,MMLongBench-Doc,github@d73f0dc0be7e0a2ff6a403d5fe65fcd96461f384,pilot-v1,clean,10,80,66,14,dense-bge-large-en-pagetext,page,model=BAAI/bge-large-en@abe7d9d8; text=pymupdf-page-text; window=512; overlap=64; score=MaxP-cosine; sentence-transformers=6.1.0,11,,"Windows 10; Intel64 Family 6 Model 165 Stepping 5, GenuineIntel; see docs/ENVIRONMENT.md",0.5757575757575758,0.9063360881542696,1.0,0.0,0.01852694125263952,0.019767500110901892,0.024071690172422677,0,"BGE-large-en over PyMuPDF page text with MaxP token windows (D-016), not the paper's element-summary BGE; not paper-comparable. Pilot subset only (D-013)."
EXP-0003-dense-bge-pagetext-pilot-v1,2026-09-27T08:21:57+00:00,5766b59efcaaa34e19e658f3b57e98d8fb969585,True,REPRO,substituted,ladrag,MMLongBench-Doc,github@d73f0dc0be7e0a2ff6a403d5fe65fcd96461f384,pilot-v1,clean,10,80,66,14,dense-bge-large-en-pagetext,page,model=BAAI/bge-large-en@abe7d9d8; text=pymupdf-page-text; window=512; overlap=64; score=MaxP-cosine; sentence-transformers=6.1.0,12,,"Windows 10; Intel64 Family 6 Model 165 Stepping 5, GenuineIntel; see docs/ENVIRONMENT.md",0.5757575757575758,0.9128787878787876,1.0,0.0,0.01852694125263952,0.019767500110901892,0.024071690172422677,0,"BGE-large-en over PyMuPDF page text with MaxP token windows (D-016), not the paper's element-summary BGE; not paper-comparable. Pilot subset only (D-013)."
EXP-0003-dense-bge-pagetext-pilot-v1,2026-09-27T08:21:57+00:00,5766b59efcaaa34e19e658f3b57e98d8fb969585,True,REPRO,substituted,ladrag,MMLongBench-Doc,github@d73f0dc0be7e0a2ff6a403d5fe65fcd96461f384,pilot-v1,clean,10,80,66,14,dense-bge-large-en-pagetext,page,model=BAAI/bge-large-en@abe7d9d8; text=pymupdf-page-text; window=512; overlap=64; score=MaxP-cosine; sentence-transformers=6.1.0,13,,"Windows 10; Intel64 Family 6 Model 165 Stepping 5, GenuineIntel; see docs/ENVIRONMENT.md",0.6060606060606061,0.9149184149184143,1.0,0.0,0.01852694125263952,0.019767500110901892,0.024071690172422677,0,"BGE-large-en over PyMuPDF page text with MaxP token windows (D-016), not the paper's element-summary BGE; not paper-comparable. Pilot subset only (D-013)."
EXP-0003-dense-bge-pagetext-pilot-v1,2026-09-27T08:21:57+00:00,5766b59efcaaa34e19e658f3b57e98d8fb969585,True,REPRO,substituted,ladrag,MMLongBench-Doc,github@d73f0dc0be7e0a2ff6a403d5fe65fcd96461f384,pilot-v1,clean,10,80,66,14,dense-bge-large-en-pagetext,page,model=BAAI/bge-large-en@abe7d9d8; text=pymupdf-page-text; window=512; overlap=64; score=MaxP-cosine; sentence-transformers=6.1.0,14,,"Windows 10; Intel64 Family 6 Model 165 Stepping 5, GenuineIntel; see docs/ENVIRONMENT.md",0.6818181818181818,0.9145021645021645,1.0,0.0,0.01852694125263952,0.019767500110901892,0.024071690172422677,0,"BGE-large-en over PyMuPDF page text with MaxP token windows (D-016), not the paper's element-summary BGE; not paper-comparable. Pilot subset only (D-013)."
EXP-0003-dense-bge-pagetext-pilot-v1,2026-09-27T08:21:57+00:00,5766b59efcaaa34e19e658f3b57e98d8fb969585,True,REPRO,substituted,ladrag,MMLongBench-Doc,github@d73f0dc0be7e0a2ff6a403d5fe65fcd96461f384,pilot-v1,clean,10,80,66,14,dense-bge-large-en-pagetext,page,model=BAAI/bge-large-en@abe7d9d8; text=pymupdf-page-text; window=512; overlap=64; score=MaxP-cosine; sentence-transformers=6.1.0,15,,"Windows 10; Intel64 Family 6 Model 165 Stepping 5, GenuineIntel; see docs/ENVIRONMENT.md",0.696969696969697,0.9171717171717166,1.0,0.0,0.01852694125263952,0.019767500110901892,0.024071690172422677,0,"BGE-large-en over PyMuPDF page text with MaxP token windows (D-016), not the paper's element-summary BGE; not paper-comparable. Pilot subset only (D-013)."
EXP-0003-dense-bge-pagetext-pilot-v1,2026-09-27T08:21:57+00:00,5766b59efcaaa34e19e658f3b57e98d8fb969585,True,REPRO,substituted,ladrag,MMLongBench-Doc,github@d73f0dc0be7e0a2ff6a403d5fe65fcd96461f384,pilot-v1,clean,10,80,66,14,dense-bge-large-en-pagetext,page,model=BAAI/bge-large-en@abe7d9d8; text=pymupdf-page-text; window=512; overlap=64; score=MaxP-cosine; sentence-transformers=6.1.0,16,,"Windows 10; Intel64 Family 6 Model 165 Stepping 5, GenuineIntel; see docs/ENVIRONMENT.md",0.7121212121212122,0.920959595959596,1.0,0.0,0.01852694125263952,0.019767500110901892,0.024071690172422677,0,"BGE-large-en over PyMuPDF page text with MaxP token windows (D-016), not the paper's element-summary BGE; not paper-comparable. Pilot subset only (D-013)."
EXP-0003-dense-bge-pagetext-pilot-v1,2026-09-27T08:21:57+00:00,5766b59efcaaa34e19e658f3b57e98d8fb969585,True,REPRO,substituted,ladrag,MMLongBench-Doc,github@d73f0dc0be7e0a2ff6a403d5fe65fcd96461f384,pilot-v1,clean,10,80,66,14,dense-bge-large-en-pagetext,page,model=BAAI/bge-large-en@abe7d9d8; text=pymupdf-page-text; window=512; overlap=64; score=MaxP-cosine; sentence-transformers=6.1.0,17,,"Windows 10; Intel64 Family 6 Model 165 Stepping 5, GenuineIntel; see docs/ENVIRONMENT.md",0.7424242424242424,0.9215723410576347,1.0,0.0,0.01852694125263952,0.019767500110901892,0.024071690172422677,0,"BGE-large-en over PyMuPDF page text with MaxP token windows (D-016), not the paper's element-summary BGE; not paper-comparable. Pilot subset only (D-013)."
EXP-0003-dense-bge-pagetext-pilot-v1,2026-09-27T08:21:57+00:00,5766b59efcaaa34e19e658f3b57e98d8fb969585,True,REPRO,substituted,ladrag,MMLongBench-Doc,github@d73f0dc0be7e0a2ff6a403d5fe65fcd96461f384,pilot-v1,clean,10,80,66,14,dense-bge-large-en-pagetext,page,model=BAAI/bge-large-en@abe7d9d8; text=pymupdf-page-text; window=512; overlap=64; score=MaxP-cosine; sentence-transformers=6.1.0,18,,"Windows 10; Intel64 Family 6 Model 165 Stepping 5, GenuineIntel; see docs/ENVIRONMENT.md",0.7727272727272727,0.9221170033670028,1.0,0.0,0.01852694125263952,0.019767500110901892,0.024071690172422677,0,"BGE-large-en over PyMuPDF page text with MaxP token windows (D-016), not the paper's element-summary BGE; not paper-comparable. Pilot subset only (D-013)."
EXP-0003-dense-bge-pagetext-pilot-v1,2026-09-27T08:21:57+00:00,5766b59efcaaa34e19e658f3b57e98d8fb969585,True,REPRO,substituted,ladrag,MMLongBench-Doc,github@d73f0dc0be7e0a2ff6a403d5fe65fcd96461f384,pilot-v1,clean,10,80,66,14,dense-bge-large-en-pagetext,page,model=BAAI/bge-large-en@abe7d9d8; text=pymupdf-page-text; window=512; overlap=64; score=MaxP-cosine; sentence-transformers=6.1.0,19,,"Windows 10; Intel64 Family 6 Model 165 Stepping 5, GenuineIntel; see docs/ENVIRONMENT.md",0.803030303030303,0.9226043328017006,1.0,0.0,0.01852694125263952,0.019767500110901892,0.024071690172422677,0,"BGE-large-en over PyMuPDF page text with MaxP token windows (D-016), not the paper's element-summary BGE; not paper-comparable. Pilot subset only (D-013)."
EXP-0003-dense-bge-pagetext-pilot-v1,2026-09-27T08:21:57+00:00,5766b59efcaaa34e19e658f3b57e98d8fb969585,True,REPRO,substituted,ladrag,MMLongBench-Doc,github@d73f0dc0be7e0a2ff6a403d5fe65fcd96461f384,pilot-v1,clean,10,80,66,14,dense-bge-large-en-pagetext,page,model=BAAI/bge-large-en@abe7d9d8; text=pymupdf-page-text; window=512; overlap=64; score=MaxP-cosine; sentence-transformers=6.1.0,20,,"Windows 10; Intel64 Family 6 Model 165 Stepping 5, GenuineIntel; see docs/ENVIRONMENT.md",0.8181818181818182,0.923800505050505,1.0,0.0,0.01852694125263952,0.019767500110901892,0.024071690172422677,0,"BGE-large-en over PyMuPDF page text with MaxP token windows (D-016), not the paper's element-summary BGE; not paper-comparable. Pilot subset only (D-013)."
EXP-0003-dense-bge-pagetext-pilot-v1,2026-09-27T08:21:57+00:00,5766b59efcaaa34e19e658f3b57e98d8fb969585,True,REPRO,substituted,ladrag,MMLongBench-Doc,github@d73f0dc0be7e0a2ff6a403d5fe65fcd96461f384,pilot-v1,clean,10,80,66,14,dense-bge-large-en-pagetext,page,model=BAAI/bge-large-en@abe7d9d8; text=pymupdf-page-text; window=512; overlap=64; score=MaxP-cosine; sentence-transformers=6.1.0,21,,"Windows 10; Intel64 Family 6 Model 165 Stepping 5, GenuineIntel; see docs/ENVIRONMENT.md",0.8333333333333334,0.9241612554112548,1.0,0.0,0.01852694125263952,0.019767500110901892,0.024071690172422677,0,"BGE-large-en over PyMuPDF page text with MaxP token windows (D-016), not the paper's element-summary BGE; not paper-comparable. Pilot subset only (D-013)."
EXP-0003-dense-bge-pagetext-pilot-v1,2026-09-27T08:21:57+00:00,5766b59efcaaa34e19e658f3b57e98d8fb969585,True,REPRO,substituted,ladrag,MMLongBench-Doc,github@d73f0dc0be7e0a2ff6a403d5fe65fcd96461f384,pilot-v1,clean,10,80,66,14,dense-bge-large-en-pagetext,page,model=BAAI/bge-large-en@abe7d9d8; text=pymupdf-page-text; window=512; overlap=64; score=MaxP-cosine; sentence-transformers=6.1.0,22,,"Windows 10; Intel64 Family 6 Model 165 Stepping 5, GenuineIntel; see docs/ENVIRONMENT.md",0.8333333333333334,0.9255058703922335,1.0,0.0,0.01852694125263952,0.019767500110901892,0.024071690172422677,0,"BGE-large-en over PyMuPDF page text with MaxP token windows (D-016), not the paper's element-summary BGE; not paper-comparable. Pilot subset only (D-013)."
EXP-0003-dense-bge-pagetext-pilot-v1,2026-09-27T08:21:57+00:00,5766b59efcaaa34e19e658f3b57e98d8fb969585,True,REPRO,substituted,ladrag,MMLongBench-Doc,github@d73f0dc0be7e0a2ff6a403d5fe65fcd96461f384,pilot-v1,clean,10,80,66,14,dense-bge-large-en-pagetext,page,model=BAAI/bge-large-en@abe7d9d8; text=pymupdf-page-text; window=512; overlap=64; score=MaxP-cosine; sentence-transformers=6.1.0,23,,"Windows 10; Intel64 Family 6 Model 165 Stepping 5, GenuineIntel; see docs/ENVIRONMENT.md",0.8484848484848485,0.9260748008030617,1.0,0.0,0.01852694125263952,0.019767500110901892,0.024071690172422677,0,"BGE-large-en over PyMuPDF page text with MaxP token windows (D-016), not the paper's element-summary BGE; not paper-comparable. Pilot subset only (D-013)."
EXP-0003-dense-bge-pagetext-pilot-v1,2026-09-27T08:21:57+00:00,5766b59efcaaa34e19e658f3b57e98d8fb969585,True,REPRO,substituted,ladrag,MMLongBench-Doc,github@d73f0dc0be7e0a2ff6a403d5fe65fcd96461f384,pilot-v1,clean,10,80,66,14,dense-bge-large-en-pagetext,page,model=BAAI/bge-large-en@abe7d9d8; text=pymupdf-page-text; window=512; overlap=64; score=MaxP-cosine; sentence-transformers=6.1.0,24,,"Windows 10; Intel64 Family 6 Model 165 Stepping 5, GenuineIntel; see docs/ENVIRONMENT.md",0.8484848484848485,0.9272276334776334,1.0,0.0,0.01852694125263952,0.019767500110901892,0.024071690172422677,0,"BGE-large-en over PyMuPDF page text with MaxP token windows (D-016), not the paper's element-summary BGE; not paper-comparable. Pilot subset only (D-013)."
EXP-0003-dense-bge-pagetext-pilot-v1,2026-09-27T08:21:57+00:00,5766b59efcaaa34e19e658f3b57e98d8fb969585,True,REPRO,substituted,ladrag,MMLongBench-Doc,github@d73f0dc0be7e0a2ff6a403d5fe65fcd96461f384,pilot-v1,clean,10,80,66,14,dense-bge-large-en-pagetext,page,model=BAAI/bge-large-en@abe7d9d8; text=pymupdf-page-text; window=512; overlap=64; score=MaxP-cosine; sentence-transformers=6.1.0,25,,"Windows 10; Intel64 Family 6 Model 165 Stepping 5, GenuineIntel; see docs/ENVIRONMENT.md",0.8636363636363636,0.9276821789321791,1.0,0.0,0.01852694125263952,0.019767500110901892,0.024071690172422677,0,"BGE-large-en over PyMuPDF page text with MaxP token windows (D-016), not the paper's element-summary BGE; not paper-comparable. Pilot subset only (D-013)."
EXP-0003-dense-bge-pagetext-pilot-v1,2026-09-27T08:21:57+00:00,5766b59efcaaa34e19e658f3b57e98d8fb969585,True,REPRO,substituted,ladrag,MMLongBench-Doc,github@d73f0dc0be7e0a2ff6a403d5fe65fcd96461f384,pilot-v1,clean,10,80,66,14,dense-bge-large-en-pagetext,page,model=BAAI/bge-large-en@abe7d9d8; text=pymupdf-page-text; window=512; overlap=64; score=MaxP-cosine; sentence-transformers=6.1.0,26,,"Windows 10; Intel64 Family 6 Model 165 Stepping 5, GenuineIntel; see docs/ENVIRONMENT.md",0.8636363636363636,0.9281017593517586,1.0,0.0,0.01852694125263952,0.019767500110901892,0.024071690172422677,0,"BGE-large-en over PyMuPDF page text with MaxP token windows (D-016), not the paper's element-summary BGE; not paper-comparable. Pilot subset only (D-013)."
EXP-0003-dense-bge-pagetext-pilot-v1,2026-09-27T08:21:57+00:00,5766b59efcaaa34e19e658f3b57e98d8fb969585,True,REPRO,substituted,ladrag,MMLongBench-Doc,github@d73f0dc0be7e0a2ff6a403d5fe65fcd96461f384,pilot-v1,clean,10,80,66,14,dense-bge-large-en-pagetext,page,model=BAAI/bge-large-en@abe7d9d8; text=pymupdf-page-text; window=512; overlap=64; score=MaxP-cosine; sentence-transformers=6.1.0,27,,"Windows 10; Intel64 Family 6 Model 165 Stepping 5, GenuineIntel; see docs/ENVIRONMENT.md",0.8787878787878788,0.9284902597402594,1.0,0.0,0.01852694125263952,0.019767500110901892,0.024071690172422677,0,"BGE-large-en over PyMuPDF page text with MaxP token windows (D-016), not the paper's element-summary BGE; not paper-comparable. Pilot subset only (D-013)."
EXP-0003-dense-bge-pagetext-pilot-v1,2026-09-27T08:21:57+00:00,5766b59efcaaa34e19e658f3b57e98d8fb969585,True,REPRO,substituted,ladrag,MMLongBench-Doc,github@d73f0dc0be7e0a2ff6a403d5fe65fcd96461f384,pilot-v1,clean,10,80,66,14,dense-bge-large-en-pagetext,page,model=BAAI/bge-large-en@abe7d9d8; text=pymupdf-page-text; window=512; overlap=64; score=MaxP-cosine; sentence-transformers=6.1.0,28,,"Windows 10; Intel64 Family 6 Model 165 Stepping 5, GenuineIntel; see docs/ENVIRONMENT.md",0.8939393939393939,0.9276084255250923,1.0,0.0,0.01852694125263952,0.019767500110901892,0.024071690172422677,0,"BGE-large-en over PyMuPDF page text with MaxP token windows (D-016), not the paper's element-summary BGE; not paper-comparable. Pilot subset only (D-013)."
EXP-0003-dense-bge-pagetext-pilot-v1,2026-09-27T08:21:57+00:00,5766b59efcaaa34e19e658f3b57e98d8fb969585,True,REPRO,substituted,ladrag,MMLongBench-Doc,github@d73f0dc0be7e0a2ff6a403d5fe65fcd96461f384,pilot-v1,clean,10,80,66,14,dense-bge-large-en-pagetext,page,model=BAAI/bge-large-en@abe7d9d8; text=pymupdf-page-text; window=512; overlap=64; score=MaxP-cosine; sentence-transformers=6.1.0,29,,"Windows 10; Intel64 Family 6 Model 165 Stepping 5, GenuineIntel; see docs/ENVIRONMENT.md",0.9242424242424242,0.9265448339442589,1.0,0.0,0.01852694125263952,0.019767500110901892,0.024071690172422677,0,"BGE-large-en over PyMuPDF page text with MaxP token windows (D-016), not the paper's element-summary BGE; not paper-comparable. Pilot subset only (D-013)."
EXP-0003-dense-bge-pagetext-pilot-v1,2026-09-27T08:21:57+00:00,5766b59efcaaa34e19e658f3b57e98d8fb969585,True,REPRO,substituted,ladrag,MMLongBench-Doc,github@d73f0dc0be7e0a2ff6a403d5fe65fcd96461f384,pilot-v1,clean,10,80,66,14,dense-bge-large-en-pagetext,page,model=BAAI/bge-large-en@abe7d9d8; text=pymupdf-page-text; window=512; overlap=64; score=MaxP-cosine; sentence-transformers=6.1.0,30,,"Windows 10; Intel64 Family 6 Model 165 Stepping 5, GenuineIntel; see docs/ENVIRONMENT.md",0.9393939393939394,0.9265622494789162,1.0,0.0,0.01852694125263952,0.019767500110901892,0.024071690172422677,0,"BGE-large-en over PyMuPDF page text with MaxP token windows (D-016), not the paper's element-summary BGE; not paper-comparable. Pilot subset only (D-013)."
EXP-0003-dense-bge-pagetext-pilot-v1,2026-09-27T08:21:57+00:00,5766b59efcaaa34e19e658f3b57e98d8fb969585,True,REPRO,substituted,ladrag,MMLongBench-Doc,github@d73f0dc0be7e0a2ff6a403d5fe65fcd96461f384,pilot-v1,clean,10,80,66,14,dense-bge-large-en-pagetext,page,model=BAAI/bge-large-en@abe7d9d8; text=pymupdf-page-text; window=512; overlap=64; score=MaxP-cosine; sentence-transformers=6.1.0,31,,"Windows 10; Intel64 Family 6 Model 165 Stepping 5, GenuineIntel; see docs/ENVIRONMENT.md",0.9696969696969697,0.9259268633596591,1.0,0.0,0.01852694125263952,0.019767500110901892,0.024071690172422677,0,"BGE-large-en over PyMuPDF page text with MaxP token windows (D-016), not the paper's element-summary BGE; not paper-comparable. Pilot subset only (D-013)."
EXP-0003-dense-bge-pagetext-pilot-v1,2026-09-27T08:21:57+00:00,5766b59efcaaa34e19e658f3b57e98d8fb969585,True,REPRO,substituted,ladrag,MMLongBench-Doc,github@d73f0dc0be7e0a2ff6a403d5fe65fcd96461f384,pilot-v1,clean,10,80,66,14,dense-bge-large-en-pagetext,page,model=BAAI/bge-large-en@abe7d9d8; text=pymupdf-page-text; window=512; overlap=64; score=MaxP-cosine; sentence-transformers=6.1.0,32,,"Windows 10; Intel64 Family 6 Model 165 Stepping 5, GenuineIntel; see docs/ENVIRONMENT.md",0.9696969696969697,0.9262781585698252,1.0,0.0,0.01852694125263952,0.019767500110901892,0.024071690172422677,0,"BGE-large-en over PyMuPDF page text with MaxP token windows (D-016), not the paper's element-summary BGE; not paper-comparable. Pilot subset only (D-013)."
EXP-0003-dense-bge-pagetext-pilot-v1,2026-09-27T08:21:57+00:00,5766b59efcaaa34e19e658f3b57e98d8fb969585,True,REPRO,substituted,ladrag,MMLongBench-Doc,github@d73f0dc0be7e0a2ff6a403d5fe65fcd96461f384,pilot-v1,clean,10,80,66,14,dense-bge-large-en-pagetext,page,model=BAAI/bge-large-en@abe7d9d8; text=pymupdf-page-text; window=512; overlap=64; score=MaxP-cosine; sentence-transformers=6.1.0,33,,"Windows 10; Intel64 Family 6 Model 165 Stepping 5, GenuineIntel; see docs/ENVIRONMENT.md",0.9848484848484849,0.9261490263384201,1.0,0.0,0.01852694125263952,0.019767500110901892,0.024071690172422677,0,"BGE-large-en over PyMuPDF page text with MaxP token windows (D-016), not the paper's element-summary BGE; not paper-comparable. Pilot subset only (D-013)."
EXP-0003-dense-bge-pagetext-pilot-v1,2026-09-27T08:21:57+00:00,5766b59efcaaa34e19e658f3b57e98d8fb969585,True,REPRO,substituted,ladrag,MMLongBench-Doc,github@d73f0dc0be7e0a2ff6a403d5fe65fcd96461f384,pilot-v1,clean,10,80,66,14,dense-bge-large-en-pagetext,page,model=BAAI/bge-large-en@abe7d9d8; text=pymupdf-page-text; window=512; overlap=64; score=MaxP-cosine; sentence-transformers=6.1.0,34,,"Windows 10; Intel64 Family 6 Model 165 Stepping 5, GenuineIntel; see docs/ENVIRONMENT.md",1.0,0.9260274901206271,1.0,0.0,0.01852694125263952,0.019767500110901892,0.024071690172422677,0,"BGE-large-en over PyMuPDF page text with MaxP token windows (D-016), not the paper's element-summary BGE; not paper-comparable. Pilot subset only (D-013)."
EXP-0003-dense-bge-pagetext-pilot-v1,2026-09-27T08:21:57+00:00,5766b59efcaaa34e19e658f3b57e98d8fb969585,True,REPRO,substituted,ladrag,MMLongBench-Doc,github@d73f0dc0be7e0a2ff6a403d5fe65fcd96461f384,pilot-v1,clean,10,80,66,14,dense-bge-large-en-pagetext,page,model=BAAI/bge-large-en@abe7d9d8; text=pymupdf-page-text; window=512; overlap=64; score=MaxP-cosine; sentence-transformers=6.1.0,35,,"Windows 10; Intel64 Family 6 Model 165 Stepping 5, GenuineIntel; see docs/ENVIRONMENT.md",1.0,0.9261802785087097,1.0,0.0,0.01852694125263952,0.019767500110901892,0.024071690172422677,0,"BGE-large-en over PyMuPDF page text with MaxP token windows (D-016), not the paper's element-summary BGE; not paper-comparable. Pilot subset only (D-013)."
EXP-0003-dense-bge-pagetext-pilot-v1,2026-09-27T08:21:57+00:00,5766b59efcaaa34e19e658f3b57e98d8fb969585,True,REPRO,substituted,ladrag,MMLongBench-Doc,github@d73f0dc0be7e0a2ff6a403d5fe65fcd96461f384,pilot-v1,clean,10,80,66,14,dense-bge-large-en-pagetext,page,model=BAAI/bge-large-en@abe7d9d8; text=pymupdf-page-text; window=512; overlap=64; score=MaxP-cosine; sentence-transformers=6.1.0,36,,"Windows 10; Intel64 Family 6 Model 165 Stepping 5, GenuineIntel; see docs/ENVIRONMENT.md",1.0,0.9263245786530099,1.0,0.0,0.01852694125263952,0.019767500110901892,0.024071690172422677,0,"BGE-large-en over PyMuPDF page text with MaxP token windows (D-016), not the paper's element-summary BGE; not paper-comparable. Pilot subset only (D-013)."
EXP-0003-dense-bge-pagetext-pilot-v1,2026-09-27T08:21:57+00:00,5766b59efcaaa34e19e658f3b57e98d8fb969585,True,REPRO,substituted,ladrag,MMLongBench-Doc,github@d73f0dc0be7e0a2ff6a403d5fe65fcd96461f384,pilot-v1,clean,10,80,66,14,dense-bge-large-en-pagetext,page,model=BAAI/bge-large-en@abe7d9d8; text=pymupdf-page-text; window=512; overlap=64; score=MaxP-cosine; sentence-transformers=6.1.0,37,,"Windows 10; Intel64 Family 6 Model 165 Stepping 5, GenuineIntel; see docs/ENVIRONMENT.md",1.0,0.9264610787895102,1.0,0.0,0.01852694125263952,0.019767500110901892,0.024071690172422677,0,"BGE-large-en over PyMuPDF page text with MaxP token windows (D-016), not the paper's element-summary BGE; not paper-comparable. Pilot subset only (D-013)."
